# ************************************************************
# Sequel Pro SQL dump
# Version 5446
#
# https://www.sequelpro.com/
# https://github.com/sequelpro/sequelpro
#
# Host: 127.0.0.1 (MySQL 8.0.16)
# Database: publications
# Generation Time: 2019-07-10 00:15:43 +0000
# ************************************************************


/*!40101 SET @OLD_CHARACTER_SET_CLIENT=@@CHARACTER_SET_CLIENT */;
/*!40101 SET @OLD_CHARACTER_SET_RESULTS=@@CHARACTER_SET_RESULTS */;
/*!40101 SET @OLD_COLLATION_CONNECTION=@@COLLATION_CONNECTION */;
/*!40101 SET NAMES utf8 */;
SET NAMES utf8mb4;
/*!40014 SET @OLD_FOREIGN_KEY_CHECKS=@@FOREIGN_KEY_CHECKS, FOREIGN_KEY_CHECKS=0 */;
/*!40101 SET @OLD_SQL_MODE=@@SQL_MODE, SQL_MODE='NO_AUTO_VALUE_ON_ZERO' */;
/*!40111 SET @OLD_SQL_NOTES=@@SQL_NOTES, SQL_NOTES=0 */;


# Dump of table authors
# ------------------------------------------------------------

DROP TABLE IF EXISTS `authors`;

CREATE TABLE `authors` (
  `au_id` varchar(11) NOT NULL,
  `au_lname` varchar(40) NOT NULL,
  `au_fname` varchar(20) NOT NULL,
  `phone` char(12) NOT NULL,
  `address` varchar(40) DEFAULT NULL,
  `city` varchar(20) DEFAULT NULL,
  `state` char(2) DEFAULT NULL,
  `zip` char(5) DEFAULT NULL,
  `contract` tinyint(4) NOT NULL,
  PRIMARY KEY (`au_id`)
) ENGINE=InnoDB DEFAULT CHARSET=utf8;

LOCK TABLES `authors` WRITE;
/*!40000 ALTER TABLE `authors` DISABLE KEYS */;

INSERT INTO `authors` (`au_id`, `au_lname`, `au_fname`, `phone`, `address`, `city`, `state`, `zip`, `contract`)
VALUES
	('172-32-1176','White','Johnson','408 496-7223','10932 Bigge Rd.','Menlo Park','CA','94025',1),
	('213-46-8915','Green','Marjorie','415 986-7020','309 63rd St. #411','Oakland','CA','94618',1),
	('238-95-7766','Carson','Cheryl','415 548-7723','589 Darwin Ln.','Berkeley','CA','94705',1),
	('267-41-2394','O\'Leary','Michael','408 286-2428','22 Cleveland Av. #14','San Jose','CA','95128',1),
	('274-80-9391','Straight','Dean','415 834-2919','5420 College Av.','Oakland','CA','94609',1),
	('341-22-1782','Smith','Meander','913 843-0462','10 Mississippi Dr.','Lawrence','KS','66044',0),
	('409-56-7008','Bennet','Abraham','415 658-9932','6223 Bateman St.','Berkeley','CA','94705',1),
	('427-17-2319','Dull','Ann','415 836-7128','3410 Blonde St.','Palo Alto','CA','94301',1),
	('472-27-2349','Gringlesby','Burt','707 938-6445','PO Box 792','Covelo','CA','95428',1),
	('486-29-1786','Locksley','Charlene','415 585-4620','18 Broadway Av.','San Francisco','CA','94130',1),
	('527-72-3246','Greene','Morningstar','615 297-2723','22 Graybar House Rd.','Nashville','TN','37215',0),
	('648-92-1872','Blotchet-Halls','Reginald','503 745-6402','55 Hillsdale Bl.','Corvallis','OR','97330',1),
	('672-71-3249','Yokomoto','Akiko','415 935-4228','3 Silver Ct.','Walnut Creek','CA','94595',1),
	('712-45-1867','del Castillo','Innes','615 996-8275','2286 Cram Pl. #86','Ann Arbor','MI','48105',1),
	('722-51-5454','DeFrance','Michel','219 547-9982','3 Balding Pl.','Gary','IN','46403',1),
	('724-08-9931','Stringer','Dirk','415 843-2991','5420 Telegraph Av.','Oakland','CA','94609',0),
	('724-80-9391','MacFeather','Stearns','415 354-7128','44 Upland Hts.','Oakland','CA','94612',1),
	('756-30-7391','Karsen','Livia','415 534-9219','5720 McAuley St.','Oakland','CA','94609',1),
	('807-91-6654','Panteley','Sylvia','301 946-8853','1956 Arlington Pl.','Rockville','MD','20853',1),
	('846-92-7186','Hunter','Sheryl','415 836-7128','3410 Blonde St.','Palo Alto','CA','94301',1),
	('893-72-1158','McBadden','Heather','707 448-4982','301 Putnam','Vacaville','CA','95688',0),
	('899-46-2035','Ringer','Anne','801 826-0752','67 Seventh Av.','Salt Lake City','UT','84152',1),
	('998-72-3567','Ringer','Albert','801 826-0752','67 Seventh Av.','Salt Lake City','UT','84152',1);

/*!40000 ALTER TABLE `authors` ENABLE KEYS */;
UNLOCK TABLES;


# Dump of table discounts
# ------------------------------------------------------------

DROP TABLE IF EXISTS `discounts`;

CREATE TABLE `discounts` (
  `discounttype` varchar(40) NOT NULL,
  `stor_id` char(4) DEFAULT NULL,
  `lowqty` smallint(6) DEFAULT NULL,
  `highqty` smallint(6) DEFAULT NULL,
  `discount` decimal(4,2) NOT NULL,
  KEY `discounts_stor_id` (`stor_id`),
  CONSTRAINT `discounts_ibfk_1` FOREIGN KEY (`stor_id`) REFERENCES `stores` (`stor_id`) ON DELETE CASCADE ON UPDATE CASCADE
) ENGINE=InnoDB DEFAULT CHARSET=utf8;

LOCK TABLES `discounts` WRITE;
/*!40000 ALTER TABLE `discounts` DISABLE KEYS */;

INSERT INTO `discounts` (`discounttype`, `stor_id`, `lowqty`, `highqty`, `discount`)
VALUES
	('Initial Customer',NULL,NULL,NULL,10.50),
	('Volume Discount',NULL,100,1000,6.70),
	('Customer Discount','8042',NULL,NULL,5.00);

/*!40000 ALTER TABLE `discounts` ENABLE KEYS */;
UNLOCK TABLES;


# Dump of table employee
# ------------------------------------------------------------

DROP TABLE IF EXISTS `employee`;

CREATE TABLE `employee` (
  `emp_id` char(9) NOT NULL,
  `fname` varchar(20) NOT NULL,
  `minit` char(1) DEFAULT NULL,
  `lname` varchar(30) NOT NULL,
  `job_id` smallint(6) NOT NULL,
  `job_lvl` smallint(6) DEFAULT NULL,
  `pub_id` char(4) NOT NULL,
  `hire_date` datetime NOT NULL,
  PRIMARY KEY (`emp_id`),
  KEY `employee_job_id` (`job_id`),
  KEY `employee_pub_id` (`pub_id`),
  CONSTRAINT `employee_ibfk_1` FOREIGN KEY (`job_id`) REFERENCES `jobs` (`job_id`) ON DELETE CASCADE ON UPDATE CASCADE,
  CONSTRAINT `employee_ibfk_2` FOREIGN KEY (`pub_id`) REFERENCES `publishers` (`pub_id`) ON DELETE CASCADE ON UPDATE CASCADE
) ENGINE=InnoDB DEFAULT CHARSET=utf8;

LOCK TABLES `employee` WRITE;
/*!40000 ALTER TABLE `employee` DISABLE KEYS */;

INSERT INTO `employee` (`emp_id`, `fname`, `minit`, `lname`, `job_id`, `job_lvl`, `pub_id`, `hire_date`)
VALUES
	('A-C71970F','Aria','','Cruz',10,87,'1389','1991-10-26 00:00:00'),
	('A-R89858F','Annette','','Roulet',6,152,'9999','1990-02-21 00:00:00'),
	('AMD15433F','Ann','M','Devon',3,200,'9952','1991-07-16 00:00:00'),
	('ARD36773F','Anabela','R','Domingues',8,100,'0877','1993-01-27 00:00:00'),
	('CFH28514M','Carlos','F','Hernadez',5,211,'9999','1989-04-21 00:00:00'),
	('CGS88322F','Carine','G','Schmitt',13,64,'1389','1992-07-07 00:00:00'),
	('DBT39435M','Daniel','B','Tonini',11,75,'0877','1990-01-01 00:00:00'),
	('DWR65030M','Diego','W','Roel',6,192,'1389','1991-12-16 00:00:00'),
	('ENL44273F','Elizabeth','N','Lincoln',14,35,'0877','1990-07-24 00:00:00'),
	('F-C16315M','Francisco','','Chang',4,227,'9952','1990-11-03 00:00:00'),
	('GHT50241M','Gary','H','Thomas',9,170,'0736','1988-08-09 00:00:00'),
	('H-B39728F','Helen','','Bennett',12,35,'0877','1989-09-21 00:00:00'),
	('HAN90777M','Helvetius','A','Nagy',7,120,'9999','1993-03-19 00:00:00'),
	('HAS54740M','Howard','A','Snyder',12,100,'0736','1988-11-19 00:00:00'),
	('JYL26161F','Janine','Y','Labrune',5,172,'9901','1991-05-26 00:00:00'),
	('KFJ64308F','Karin','F','Josephs',14,100,'0736','1992-10-17 00:00:00'),
	('KJJ92907F','Karla','J','Jablonski',9,170,'9999','1994-03-11 00:00:00'),
	('L-B31947F','Lesley','','Brown',7,120,'0877','1991-02-13 00:00:00'),
	('LAL21447M','Laurence','A','Lebihan',5,175,'0736','1990-06-03 00:00:00'),
	('M-L67958F','Maria','','Larsson',7,135,'1389','1992-03-27 00:00:00'),
	('M-P91209M','Manuel','','Pereira',8,101,'9999','1989-01-09 00:00:00'),
	('M-R38834F','Martine','','Rance',9,75,'0877','1992-02-05 00:00:00'),
	('MAP77183M','Miguel','A','Paolino',11,112,'1389','1992-12-07 00:00:00'),
	('MAS70474F','Margaret','A','Smith',9,78,'1389','1988-09-29 00:00:00'),
	('MFS52347M','Martin','F','Sommer',10,165,'0736','1990-04-13 00:00:00'),
	('MGK44605M','Matti','G','Karttunen',6,220,'0736','1994-05-01 00:00:00'),
	('MJP25939M','Maria','J','Pontes',5,246,'1756','1989-03-01 00:00:00'),
	('MMS49649F','Mary','M','Saveley',8,175,'0736','1993-06-29 00:00:00'),
	('PCM98509F','Patricia','C','McKenna',11,150,'9999','1989-08-01 00:00:00'),
	('PDI47470M','Palle','D','Ibsen',7,195,'0736','1993-05-09 00:00:00'),
	('PHF38899M','Peter','H','Franken',10,75,'0877','1992-05-17 00:00:00'),
	('PMA42628M','Paolo','M','Accorti',13,35,'0877','1992-08-27 00:00:00'),
	('POK93028M','Pirkko','O','Koskitalo',10,80,'9999','1993-11-29 00:00:00'),
	('PSA89086M','Pedro','S','Afonso',14,89,'1389','1990-12-24 00:00:00'),
	('PSP68661F','Paula','S','Parente',8,125,'1389','1994-01-19 00:00:00'),
	('PTC11962M','Philip','T','Cramer',2,215,'9952','1989-11-11 00:00:00'),
	('PXH22250M','Paul','X','Henriot',5,159,'0877','1993-08-19 00:00:00'),
	('R-M53550M','Roland','','Mendel',11,150,'0736','1991-09-05 00:00:00'),
	('RBM23061F','Rita','B','Muller',5,198,'1622','1993-10-09 00:00:00'),
	('SKO22412M','Sven','K','Ottlieb',5,150,'1389','1991-04-05 00:00:00'),
	('TPO55093M','Timothy','P','O\'Rourke',13,100,'0736','1988-06-19 00:00:00'),
	('VPA30890F','Victoria','P','Ashworth',6,140,'0877','1990-09-13 00:00:00'),
	('Y-L77953M','Yoshi','','Latimer',12,32,'1389','1989-06-11 00:00:00');

/*!40000 ALTER TABLE `employee` ENABLE KEYS */;
UNLOCK TABLES;


# Dump of table jobs
# ------------------------------------------------------------

DROP TABLE IF EXISTS `jobs`;

CREATE TABLE `jobs` (
  `job_id` smallint(6) NOT NULL,
  `job_desc` varchar(50) NOT NULL,
  `min_lvl` smallint(6) NOT NULL,
  `max_lvl` smallint(6) NOT NULL,
  PRIMARY KEY (`job_id`)
) ENGINE=InnoDB DEFAULT CHARSET=utf8;

LOCK TABLES `jobs` WRITE;
/*!40000 ALTER TABLE `jobs` DISABLE KEYS */;

INSERT INTO `jobs` (`job_id`, `job_desc`, `min_lvl`, `max_lvl`)
VALUES
	(1,'New Hire - Job not specified',10,10),
	(2,'Chief Executive Officer',200,250),
	(3,'Business Operations Manager',175,225),
	(4,'Chief Financial Officier',175,250),
	(5,'Publisher',150,250),
	(6,'Managing Editor',140,225),
	(7,'Marketing Manager',120,200),
	(8,'Public Relations Manager',100,175),
	(9,'Acquisitions Manager',75,175),
	(10,'Productions Manager',75,165),
	(11,'Operations Manager',75,150),
	(12,'Editor',25,100),
	(13,'Sales Representative',25,100),
	(14,'Designer',25,100);

/*!40000 ALTER TABLE `jobs` ENABLE KEYS */;
UNLOCK TABLES;


# Dump of table most_profiting_author
# ------------------------------------------------------------

DROP TABLE IF EXISTS `most_profiting_author`;

CREATE TABLE `most_profiting_author` (
  `AUTHORID` varchar(11) CHARACTER SET utf8 NOT NULL,
  `FINAL_ROYALTY` decimal(65,12) DEFAULT NULL
) ENGINE=InnoDB DEFAULT CHARSET=utf8mb4 COLLATE=utf8mb4_general_ci;

LOCK TABLES `most_profiting_author` WRITE;
/*!40000 ALTER TABLE `most_profiting_author` DISABLE KEYS */;

INSERT INTO `most_profiting_author` (`AUTHORID`, `FINAL_ROYALTY`)
VALUES
	('172-32-1176',2029.985000000000),
	('213-46-8915',2011.994000000000),
	('213-46-8915',10150.116000000000),
	('238-95-7766',7110.160000000000),
	('267-41-2394',2011.950000000000),
	('267-41-2394',2408.994000000000),
	('274-80-9391',5029.985000000000),
	('409-56-7008',3017.991000000000),
	('427-17-2319',4050.000000000000),
	('472-27-2349',2408.994000000000),
	('486-29-1786',NULL),
	('486-29-1786',4019.975000000000),
	('648-92-1872',4033.460000000000),
	('672-71-3249',3211.992000000000),
	('712-45-1867',23.988000000000),
	('722-51-5454',11271.528000000000),
	('724-80-9391',3017.925000000000),
	('724-80-9391',1760.795000000000),
	('756-30-7391',5282.385000000000),
	('807-91-6654',7083.800000000000),
	('846-92-7186',4050.000000000000),
	('899-46-2035',3757.176000000000),
	('899-46-2035',1208.456000000000),
	('998-72-3567',1208.456000000000),
	('998-72-3567',6017.500000000000);

/*!40000 ALTER TABLE `most_profiting_author` ENABLE KEYS */;
UNLOCK TABLES;


# Dump of table pub_info
# ------------------------------------------------------------

DROP TABLE IF EXISTS `pub_info`;

CREATE TABLE `pub_info` (
  `pub_id` char(4) NOT NULL,
  `logo` longblob,
  `pr_info` longtext,
  PRIMARY KEY (`pub_id`),
  CONSTRAINT `pub_info_ibfk_1` FOREIGN KEY (`pub_id`) REFERENCES `publishers` (`pub_id`) ON DELETE CASCADE ON UPDATE CASCADE
) ENGINE=InnoDB DEFAULT CHARSET=utf8;

LOCK TABLES `pub_info` WRITE;
/*!40000 ALTER TABLE `pub_info` DISABLE KEYS */;

INSERT INTO `pub_info` (`pub_id`, `logo`, `pr_info`)
VALUES
	('0736',X'474946383961EFBFBD001F00EFBFBD0F00000000EFBFBD000000EFBFBD00EFBFBDEFBFBD000000EFBFBDEFBFBD00EFBFBD00EFBFBDEFBFBDEFBFBDEFBFBDEFBFBDEFBFBDEFBFBDEFBFBDEFBFBD000000EFBFBD00EFBFBDEFBFBD000000EFBFBDEFBFBD00EFBFBD00EFBFBDEFBFBDEFBFBDEFBFBDEFBFBD21EFBFBD040100000F002C00000000EFBFBD001F004004EFBFBDEFBFBDEFBFBD49EFBFBDEFBFBD38EFBFBDCDBBEFBFBD6028EFBFBD2450016867EFBFBD236AEFBFBDEFBFBD3BC5B055EFBFBDEFBFBD43D3B9EFBFBDEFBFBD532A36EFBFBD15253B19EFBFBD231AEFBFBD4CEFBFBDEFBFBDEFBFBD5C11EFBFBDD69BEFBFBD2AEFBFBD467F5CEFBFBD36EFBFBD2437EFBFBD36EFBFBD516AEFBFBDEFBFBD304AEFBFBDEFBFBD0A3563EFBFBDEFBFBD4CEFBFBD04EFBFBD24377B5D697E6451333DEFBFBD21757FEFBFBDEFBFBDEFBFBDEFBFBD1F76657877EFBFBD7259755E54EFBFBDEFBFBD20EFBFBD79EFBFBDEFBFBDEFBFBDEFBFBD6DEFBFBD4AEFBFBDEFBFBDEFBFBDEFBFBDEFBFBD45EFBFBDEFBFBD777362EFBFBDEFBFBD585E6C6AEFBFBDEFBFBD42EFBFBD55EFBFBDEFBFBDEFBFBD71EFBFBDEFBFBDEFBFBDEFBFBDEFBFBDEFBFBDEFBFBDEFBFBD2DEFBFBDC8AEEFBFBDEFBFBDEFBFBD1EEFBFBDD09143EFBFBD6EEFBFBDEFBFBDD9BC2C41EFBFBD6AD28FEFBFBDEFBFBD50EFBFBDDAA9EFBFBDEFBFBD25EFBFBDEFBFBDDF81EFBFBD5FE0BDB5EFBFBDEFBFBDEFBFBDEFBFBD76EFBFBDEFBFBDEFBFBD78EFBFBD6BEFBFBDEFBFBD6CEFBFBDC5A264EFBFBD54EFBFBD6AEFBFBDEFBFBDEFBFBD027864EFBFBD392E3AEFBFBD582BEFBFBDEFBFBDEFBFBDEFBFBD7DEFBFBD44EFBFBDEFBFBD480BEFBFBDEFBFBD767BEFBFBD32EFBFBD0BEFBFBDEFBFBD603B3907490A4427EFBFBD21EFBFBD330A6D05EFBFBDEFBFBD10664D7F383FEFBFBD593248EFBFBDEFBFBD6D0F37EFBFBDEFBFBD491448D1A348EFBFBD7A52CAB4EFBFBDEFBFBD784EEFBFBDEFBFBD4A5545EFBFBD4BEFBFBD68EFBFBDEFBFBDEFBFBD68EFBFBD526ED0A6EFBFBDEFBFBD17331BEFBFBD1E5AEFBFBDEFBFBDD390EFBFBDEFBFBD3DEFBFBDEFBFBD4A3AEFBFBD0AEFBFBD5ADDADEFBFBD50EFBFBD0DEFBFBD296E3EEFBFBDEFBFBD6A7CDAABEFBFBD6B2460040DEFBFBD4D39EFBFBD515AEFBFBDEFBFBD125F1AEFBFBD0DEFBFBD20EFBFBDEFBFBD23EFBFBDCCB9EFBFBDE5AEBC36EFBFBD21EFBFBDEFBFBD66EFBFBD5F1347EFBFBD2DEFBFBDEFBFBD4A7B7C68EFBFBD240DEFBFBD73EFBFBD73322F4EEFBFBDEFBFBDEFBFBDEFBFBD4DEFBFBD0B6519EFBFBDEFBFBD724BEFBFBD57EFBFBD350EEFBFBDEFBFBD4BEFBFBD71EFBFBDEFBFBD6406EFBFBD751A261DEFBFBD1539EFBFBDEFBFBDEFBFBD3C37EFBFBDEFBFBD1FEFBFBDEFBFBD5DEFBFBDD8A44477537049EFBFBD2EEFBFBD253CEFBFBD38EFBFBD73EFBFBDEFBFBDEFBFBD7A48EFBFBD2979EFBFBDEFBFBD6FEFBFBDEFBFBD2CEFBFBDEFBFBD79EFBFBD5830400C31EFBFBD0F4AEFBFBDEFBFBD25EFBFBD43EFBFBDEFBFBDEFBFBDEFBFBD73EFBFBDEFBFBD575F593C01EFBFBD5B26127255EFBFBD5D4A45EFBFBD5BEFBFBD1A36EFBFBD615467EFBFBD68EFBFBD0E1100003B','This is sample text data for New Moon Books, publisher 0736 in the pubs database. New Moon Books is located in Boston, Massachusetts.\r\n\r\nThis is sample text data for New Moon Books, publisher 0736 in the pubs database. New Moon Books is located in Boston, Massachusetts.\r\n\r\nThis is sample text data for New Moon Books, publisher 0736 in the pubs database. New Moon Books is located in Boston, Massachusetts.\r\n\r\nThis is sample text data for New Moon Books, publisher 0736 in the pubs database. New Moon Books is located in Boston, Massachusetts.\r\n\r\nThis is sample text data for New Moon Books, publisher 0736 in the pubs database. New Moon Books is located in Boston, Massachusetts.\r\n\r\nThis is sample text data for New Moon Books, publisher 0736 in the pubs database. New Moon Books is located in Boston, Massachusetts.\r\n\r\nThis is sample text data for New Moon Books, publisher 0736 in the pubs database. New Moon Books is located in Boston, Massachusetts.\r\n\r\nThis is sample text data for New Moon Books, publisher 0736 in the pubs database. New Moon Books is located in Boston, Massachusetts.\r\n\r\nThis is sample text data for New Moon Books, publisher 0736 in the pubs database. New Moon Books is located in Boston, Massachusetts.\r\n\r\nThis is sample text data for New Moon Books, publisher 0736 in the pubs database. New Moon Books is located in Boston, Massachusetts.\r\n\r\nThis is sample text data for New Moon Books, publisher 0736 in the pubs database. New Moon Books is located in Boston, Massachusetts.\r\n\r\nThis is sample text data for New Moon Books, publisher 0736 in the pubs database. New Moon Books is located in Boston, Massachusetts.\r\n\r\nThis is sample text data for New Moon Books, publisher 0736 in the pubs database. New Moon Books is located in Boston, Massachusetts.\r\n\r\nThis is sample text data for New Moon Books, publisher 0736 in the pubs database. New Moon Books is located in Boston, Massachusetts.\r\n\r\nThis is sample text data for New Moon Books, publisher 0736 in the pubs database. New Moon Books is located in Boston, Massachusetts.\r\n\r\nThis is sample text data for New Moon Books, publisher 0736 in the pubs database. New Moon Books is located in Boston, Massachusetts.\r\n\r\nThis is sample text data for New Moon Books, publisher 0736 in the pubs database. New Moon Books is located in Boston, Massachusetts.\r\n\r\nThis is sample text data for New Moon Books, publisher 0736 in the pubs database. New Moon Books is located in Boston, Massachusetts.\r\n\r\nThis is sample text data for New Moon Books, publisher 0736 in the pubs database. New Moon Books is located in Boston, Massachusetts.\r\n\r\nThis is sample text data for New Moon Books, publisher 0736 in the pubs database. New Moon Books is located in Boston, Massachusetts.\r\n\r\nThis is sample text data for New Moon Books, publisher 0736 in the pubs database. New Moon Books is located in Boston, Massachusetts.\r\n\r\nThis is sample text data for New Moon Books, publisher 0736 in the pubs database. New Moon Books is located in Boston, Massachusetts.\r\n\r\nThis is sample text data for New Moon Books, publisher 0736 in the pubs database. New Moon Books is located in Boston, Massachusetts.\r\n\r\nThis is sample text data for New Moon Books, publisher 0736 in the pubs database. New Moon Books is located in Boston, Massachusetts.\r\n\r\nThis is sample text data for New Moon Books, publisher 0736 in the pubs database. New Moon Books is located in Boston, Massachusetts.\r\n\r\nThis is sample text data for New Moon Books, publisher 0736 in the pubs database. New Moon Books is located in Boston, Massachusetts.\r\n\r\nThis is sample text data for New Moon Books, publisher 0736 in the pubs database. New Moon Books is located in Boston, Massachusetts.\r\n\r\nThis is sample text data for New Moon Books, publisher 0736 in the pubs database. New Moon Books is located in Boston, Massachusetts.\r\n\r\nThis is sample text data for New Moon Books, publisher 0736 in the pubs database. New Moon Books is located in Boston, Massachusetts.\r\n\r\nThis is sample text data for New Moon Books, publisher 0736 in the pubs database. New Moon Books is located in Boston, Massachusetts.\r\n\r\nThis is sample text data for New Moon Books, publisher 0736 in the pubs database. New Moon Books is located in Boston, Massachusetts.\r\n\r\nThis is sample text data for New Moon Books, publisher 0736 in the pubs database. New Moon Books is located in Boston, Massachusetts.\r\n\r\nThis is sample text data for New Moon Books, publisher 0736 in the pubs database. New Moon Books is located in Boston, Massachusetts.\r\n\r\nThis is sample text data for New Moon Books, publisher 0736 in the pubs database. New Moon Books is located in Boston, Massachusetts.\r\n\r\nThis is sample text data for New Moon Books, publisher 0736 in the pubs database. New Moon Books is located in Boston, Massachusetts.\r\n\r\nThis is sample text data for New Moon Books, publisher 0736 in the pubs database. New Moon Books is located in Boston, Massachusetts.\r\n\r\nThis is sample text data for New Moon Books, publisher 0736 in the pubs database. New Moon Books is located in Boston, Massachusetts.\r\n\r\nThis is sample text data for New Moon Books, publisher 0736 in the pubs database. New Moon Books is located in Boston, Massachusetts.\r\n\r\nThis is sample text data for New Moon Books, publisher 0736 in the pubs database. New Moon Books is located in Boston, Massachusetts.\r\n\r\nThis is sample text data for New Moon Books, publisher 0736 in the pubs database. New Moon Books is located in Boston, Massachusetts.\r\n\r\nThis is sample text data for New Moon Books, publisher 0736 in the pubs database. New Moon Books is located in Boston, Massachusetts.\r\n\r\nThis is sample text data for New Moon Books, publisher 0736 in the pubs database. New Moon Books is located in Boston, Massachusetts.\r\n\r\nThis is sample text data for New Moon Books, publisher 0736 in the pubs database. New Moon Books is located in Boston, Massachusetts.\r\n\r\nThis is sample text data for New Moon Books, publisher 0736 in the pubs database. New Moon Books is located in Boston, Massachusetts.\r\n\r\nThis is sample text data for New Moon Books, publisher 0736 in the pubs database. New Moon Books is located in Boston, Massachusetts.\r\n\r\nThis is sample text data for New Moon Books, publisher 0736 in the pubs database. New Moon Books is located in Boston, Massachusetts.\r\n\r\nThis is sample text data for New Moon Books, publisher 0736 in the pubs database. New Moon Books is located in Boston, Massachusetts.\r\n\r\nThis is sample text data for New Moon Books, publisher 0736 in the pubs database. New Moon Books is located in Boston, Massachusetts.\r\n\r\nThis is sample text data for New Moon Books, publisher 0736 in the pubs database. New Moon Books is located in Boston, Massachusetts.\r\n\r\nThis is sample text data for New Moon Books, publisher 0736 in the pubs database. New Moon Books is located in Boston, Massachusetts.\r\n\r\nThis is sample text data for New Moon Books, publisher 0736 in the pubs database. New Moon Books is located in Boston, Massachusetts.\r\n\r\nThis is sample text data for New Moon Books, publisher 0736 in the pubs database. New Moon Books is located in Boston, Massachusetts.\r\n\r\nThis is sample text data for New Moon Books, publisher 0736 in the pubs database. New Moon Books is located in Boston, Massachusetts.\r\n\r\nThis is sample text data for New Moon Books, publisher 0736 in the pubs database. New Moon Books is located in Boston, Massachusetts.\r\n\r\nThis is sample text data for New Moon Books, publisher 0736 in the pubs database. New Moon Books is located in Boston, Massachusetts.\r\n\r\nThis is sample text data for New Moon Books, publisher 0736 in the pubs database. New Moon Books is located in Boston, Massachusetts.\r\n\r\nThis is sample text data for New Moon Books, publisher 0736 in the pubs database. New Moon Books is located in Boston, Massachusetts.\r\n\r\nThis is sample text data for New Moon Books, publisher 0736 in the pubs database. New Moon Books is located in Boston, Massachusetts.\r\n\r\nThis is sample text data for New Moon Books, publisher 0736 in the pubs database. New Moon Books is located in Boston, Massachusetts.\r\n\r\nThis is sample text data for New Moon Books, publisher 0736 in the pubs database. New Moon Books is located in Boston, Massachusetts.\r\n\r\nThis is sample text data for New Moon Books, publisher 0736 in the pubs database. New Moon Books is located in Boston, Massachusetts.\r\n\r\nThis is sample text data for New Moon Books, publisher 0736 in the pubs database. New Moon Books is located in Boston, Massachusetts.\r\n\r\nThis is sample text data for New Moon Books, publisher 0736 in the pubs database. New Moon Books is located in Boston, Massachusetts.\r\n\r\nThis is sample text data for New Moon Books, publisher 0736 in the pubs database. New Moon Books is located in Boston, Massachusetts.\r\n\r\nThis is sample text data for New Moon Books, publisher 0736 in the pubs database. New Moon Books is located in Boston, Massachusetts.\r\n\r\nThis is sample text data for New Moon Books, publisher 0736 in the pubs database. New Moon Books is located in Boston, Massachusetts.\r\n\r\nThis is sample text data for New Moon Books, publisher 0736 in the pubs database. New Moon Books is located in Boston, Massachusetts.\r\n\r\nThis is sample text data for New Moon Books, publisher 0736 in the pubs database. New Moon Books is located in Boston, Massachusetts.\r\n\r\nThis is sample text data for New Moon Books, publisher 0736 in the pubs database. New Moon Books is located in Boston, Massachusetts.\r\n\r\nThis is sample text data for New Moon Books, publisher 0736 in the pubs database. New Moon Books is located in Boston, Massachusetts.\r\n\r\nThis is sample text data for New Moon Books, publisher 0736 in the pubs database. New Moon Books is located in Boston, Massachusetts.\r\n\r\nThis is sample text data for New Moon Books, publisher 0736 in the pubs database. New Moon Books is located in Boston, Massachusetts.\r\n\r\nThis is sample text data for New Moon Books, publisher 0736 in the pubs database. New Moon Books is located in Boston, Massachusetts.\r\n\r\nThis is sample text data for New Moon Books, publisher 0736 in the pubs database. New Moon Books is located in Boston, Massachusetts.\r\n\r\nThis is sample text data for New Moon Books, publisher 0736 in the pubs database. New Moon Books is located in Boston, Massachusetts.\r\n\r\nThis is sample text data for New Moon Books, publisher 0736 in the pubs database. New Moon Books is located in Boston, Massachusetts.\r\n\r\nThis is sample text data for New Moon Books, publisher 0736 in the pubs database. New Moon Books is located in Boston, Massachusetts.\r\n\r\nThis is sample text data for New Moon Books, publisher 0736 in the pubs database. New Moon Books is located in Boston, Massachusetts.\r\n\r\nThis is sample text data for New Moon Books, publisher 0736 in the pubs database. New Moon Books is located in Boston, Massachusetts.\r\n\r\nThis is sample text data for New Moon Books, publisher 0736 in the pubs database. New Moon Books is located in Boston, Massachusetts.\r\n\r\nThis is sample text data for New Moon Books, publisher 0736 in the pubs database. New Moon Books is located in Boston, Massachusetts.\r\n\r\nThis is sample text data for New Moon Books, publisher 0736 in the pubs database. New Moon Books is located in Boston, Massachusetts.\r\n\r\nThis is sample text data for New Moon Books, publisher 0736 in the pubs database. New Moon Books is located in Boston, Massachusetts.\r\n\r\nThis is sample text data for New Moon Books, publisher 0736 in the pubs database. New Moon Books is located in Boston, Massachusetts.\r\n\r\nThis is sample text data for New Moon Books, publisher 0736 in the pubs database. New Moon Books is located in Boston, Massachusetts.\r\n\r\nThis is sample text data for New Moon Books, publisher 0736 in the pubs database. New Moon Books is located in Boston, Massachusetts.\r\n\r\nThis is sample text data for New Moon Books, publisher 0736 in the pubs database. New Moon Books is located in Boston, Massachusetts.\r\n\r\nThis is sample text data for New Moon Books, publisher 0736 in the pubs database. New Moon Books is located in Boston, Massachusetts.\r\n\r\nThis is sample text data for New Moon Books, publisher 0736 in the pubs database. New Moon Books is located in Boston, Massachusetts.\r\n\r\nThis is sample text data for New Moon Books, publisher 0736 in the pubs database. New Moon Books is located in Boston, Massachusetts.\r\n\r\nThis is sample text data for New Moon Books, publisher 0736 in the pubs database. New Moon Books is located in Boston, Massachusetts.\r\n\r\nThis is sample text data for New Moon Books, publisher 0736 in the pubs database. New Moon Books is located in Boston, Massachusetts.\r\n\r\nThis is sample text data for New Moon Books, publisher 0736 in the pubs database. New Moon Books is located in Boston, Massachusetts.\r\n\r\nThis is sample text data for New Moon Books, publisher 0736 in the pubs database. New Moon Books is located in Boston, Massachusetts.\r\n\r\nThis is sample text data for New Moon Books, publisher 0736 in the pubs database. New Moon Books is located in Boston, Massachusetts.\r\n\r\nThis is sample text data for New Moon Books, publisher 0736 in the pubs database. New Moon Books is located in Boston, Massachusetts.\r\n\r\nThis is sample text data for New Moon Books, publisher 0736 in the pubs database. New Moon Books is located in Boston, Massachusetts.\r\n\r\nThis is sample text data for New Moon Books, publisher 0736 in the pubs database. New Moon Books is located in Boston, Massachusetts.\r\n\r\nThis is sample text data for New Moon Books, publisher 0736 in the pubs database. New Moon Books is located in Boston, Massachusetts.\r\n\r\nThis is sample text data for New Moon Books, publisher 0736 in the pubs database. New Moon Books is located in Boston, Massachusetts.\r\n\r\nThis is sample text data for New Moon Books, publisher 0736 in the pubs database. New Moon Books is located in Boston, Massachusetts.\r\n\r\nThis is sample text data for New Moon Books, publisher 0736 in the pubs database. New Moon Books is located in Boston, Massachusetts.\r\n\r\nThis is sample text data for New Moon Books, publisher 0736 in the pubs database. New Moon Books is located in Boston, Massachusetts.\r\n\r\nThis is sample text data for New Moon Books, publisher 0736 in the pubs database. New Moon Books is located in Boston, Massachusetts.\r\n\r\nThis is sample text data for New Moon Books, publisher 0736 in the pubs database. New Moon Books is located in Boston, Massachusetts.\r\n\r\nThis is sample text data for New Moon Books, publisher 0736 in the pubs database. New Moon Books is located in Boston, Massachusetts.\r\n\r\nThis is sample text data for New Moon Books, publisher 0736 in the pubs database. New Moon Books is located in Boston, Massachusetts.\r\n\r\nThis is sample text data for New Moon Books, publisher 0736 in the pubs database. New Moon Books is located in Boston, Massachusetts.\r\n\r\nThis is sample text data for New Moon Books, publisher 0736 in the pubs database. New Moon Books is located in Boston, Massachusetts.\r\n\r\nThis is sample text data for New Moon Books, publisher 0736 in the pubs database. New Moon Books is located in Boston, Massachusetts.\r\n\r\nThis is sample text data for New Moon Books, publisher 0736 in the pubs database. New Moon Books is located in Boston, Massachusetts.\r\n\r\nThis is sample text data for New Moon Books, publisher 0736 in the pubs database. New Moon Books is located in Boston, Massachusetts.\r\n\r\nThis is sample text data for New Moon Books, publisher 0736 in the pubs database. New Moon Books is located in Boston, Massachusetts.\r\n\r\nThis is sample text data for New Moon Books, publisher 0736 in the pubs database. New Moon Books is located in Boston, Massachusetts.\r\n\r\nThis is sample text data for New Moon Books, publisher 0736 in the pubs database. New Moon Books is located in Boston, Massachusetts.\r\n\r\nThis is sample text data for New Moon Books, publisher 0736 in the pubs database. New Moon Books is located in Boston, Massachusetts.\r\n\r\nThis is sample text data for New Moon Books, publisher 0736 in the pubs database. New Moon Books is located in Boston, Massachusetts.\r\n\r\nThis is sample text data for New Moon Books, publisher 0736 in the pubs database. New Moon Books is located in Boston, Massachusetts.\r\n\r\nThis is sample text data for New Moon Books, publisher 0736 in the pubs database. New Moon Books is located in Boston, Massachusetts.\r\n\r\nThis is sample text data for New Moon Books, publisher 0736 in the pubs database. New Moon Books is located in Boston, Massachusetts.\r\n\r\nThis is sample text data for New Moon Books, publisher 0736 in the pubs database. New Moon Books is located in Boston, Massachusetts.\r\n\r\nThis is sample text data for New Moon Books, publisher 0736 in the pubs database. New Moon Books is located in Boston, Massachusetts.\r\n\r\nThis is sample text data for New Moon Books, publisher 0736 in the pubs database. New Moon Books is located in Boston, Massachusetts.\r\n\r\nThis is sample text data for New Moon Books, publisher 0736 in the pubs database. New Moon Books is located in Boston, Massachusetts.\r\n\r\nThis is sample text data for New Moon Books, publisher 0736 in the pubs database. New Moon Books is located in Boston, Massachusetts.\r\n\r\nThis is sample text data for New Moon Books, publisher 0736 in the pubs database. New Moon Books is located in Boston, Massachusetts.\r\n\r\nThis is sample text data for New Moon Books, publisher 0736 in the pubs database. New Moon Books is located in Boston, Massachusetts.\r\n\r\nThis is sample text data for New Moon Books, publisher 0736 in the pubs database. New Moon Books is located in Boston, Massachusetts.\r\n\r\nThis is sample text data for New Moon Books, publisher 0736 in the pubs database. New Moon Books is located in Boston, Massachusetts.\r\n\r\nThis is sample text data for New Moon Books, publisher 0736 in the pubs database. New Moon Books is located in Boston, Massachusetts.\r\n\r\nThis is sample text data for New Moon Books, publisher 0736 in the pubs database. New Moon Books is located in Boston, Massachusetts.\r\n\r\nThis is sample text data for New Moon Books, publisher 0736 in the pubs database. New Moon Books is located in Boston, Massachusetts.\r\n\r\nThis is sample text data for New Moon Books, publisher 0736 in the pubs database. New Moon Books is located in Boston, Massachusetts.\r\n\r\nThis is sample text data for New Moon Books, publisher 0736 in the pubs database. New Moon Books is located in Boston, Massachusetts.\r\n\r\nThis is sample text data for New Moon Books, publisher 0736 in the pubs database. New Moon Books is located in Boston, Massachusetts.\r\n\r\nThis is sample text data for New Moon Books, publisher 0736 in the pubs database. New Moon Books is located in Boston, Massachusetts.\r\n\r\nThis is sample text data for New Moon Books, publisher 0736 in the pubs database. New Moon Books is located in Boston, Massachusetts.\r\n\r\nThis is sample text data for New Moon Books, publisher 0736 in the pubs database. New Moon Books is located in Boston, Massachusetts.\r\n\r\nThis is sample text data for New Moon Books, publisher 0736 in the pubs database. New Moon Books is located in Boston, Massachusetts.\r\n\r\nThis is sample text data for New Moon Books, publisher 0736 in the pubs database. New Moon Books is located in Boston, Massachusetts.\r\n\r\nThis is sample text data for New Moon Books, publisher 0736 in the pubs database. New Moon Books is located in Boston, Massachusetts.\r\n\r\nThis is sample text data for New Moon Books, publisher 0736 in the pubs database. New Moon Books is located in Boston, Massachusetts.\r\n\r\nThis is sample text data for New Moon Books, publisher 0736 in the pubs database. New Moon Books is located in Boston, Massachusetts.\r\n\r\nThis is sample text data for New Moon Books, publisher 0736 in the pubs database. New Moon Books is located in Boston, Massachusetts.\r\n\r\nThis is sample text data for New Moon Books, publisher 0736 in the pubs database. New Moon Books is located in Boston, Massachusetts.\r\n\r\nThis is sample text data for New Moon Books, publisher 0736 in the pubs database. New Moon Books is located in Boston, Massachusetts.\r\n\r\nThis is sample text data for New Moon Books, publisher 0736 in the pubs database. New Moon Books is located in Boston, Massachusetts.\r\n\r\nThis is sample text data for New Moon Books, publisher 0736 in the pubs database. New Moon Books is located in Boston, Massachusetts.\r\n\r\nThis is sample text data for New Moon Books, publisher 0736 in the pubs database. New Moon Books is located in Boston, Massachusetts.\r\n\r\nThis is sample text data for New Moon Books, publisher 0736 in the pubs database. New Moon Books is located in Boston, Massachusetts.\r\n\r\nThis is sample text data for New Moon Books, publisher 0736 in the pubs database. New Moon Books is located in Boston, Massachusetts.\r\n\r\nThis is sample text data for New Moon Books, publisher 0736 in the pubs database. New Moon Books is located in Boston, Massachusetts.\r\n\r\nThis is sample text data for New Moon Books, publisher 0736 in the pubs database. New Moon Books is located in Boston, Massachusetts.\r\n\r\nThis is sample text data for New Moon Books, publisher 0736 in the pubs database. New Moon Books is located in Boston, Massachusetts.\r\n\r\nThis is sample text data for New Moon Books, publisher 0736 in the pubs database. New Moon Books is located in Boston, Massachusetts.\r\n\r\nThis is sample text data for New Moon Books, publisher 0736 in the pubs database. New Moon Books is located in Boston, Massachusetts.\r\n\r\nThis is sample text data for New Moon Books, publisher 0736 in the pubs database. New Moon Books is located in Boston, Massachusetts.\r\n\r\nThis is sample text data for New Moon Books, publisher 0736 in the pubs database. New Moon Books is located in Boston, Massachusetts.\r\n\r\nThis is sample text data for New Moon Books, publisher 0736 in the pubs database. New Moon Books is located in Boston, Massachusetts.\r\n\r\nThis is sample text data for New Moon Books, publisher 0736 in the pubs database. New Moon Books is located in Boston, Massachusetts.\r\n\r\nThis is sample text data for New Moon Books, publisher 0736 in the pubs database. New Moon Books is located in Boston, Massachusetts.\r\n\r\nThis is sample text data for New Moon Books, publisher 0736 in the pubs database. New Moon Books is located in Boston, Massachusetts.\r\n\r\nThis is sample text data for New Moon Books, publisher 0736 in the pubs database. New Moon Books is located in Boston, Massachusetts.\r\n\r\nThis is sample text data for New Moon Books, publisher 0736 in the pubs database. New Moon Books is located in Boston, Massachusetts.\r\n\r\nThis is sample text data for New Moon Books, publisher 0736 in the pubs database. New Moon Books is located in Boston, Massachusetts.\r\n\r\nThis is sample text data for New Moon Books, publisher 0736 in the pubs database. New Moon Books is located in Boston, Massachusetts.\r\n\r\nThis is sample text data for New Moon Books, publisher 0736 in the pubs database. New Moon Books is located in Boston, Massachusetts.\r\n\r\nThis is sample text data for New Moon Books, publisher 0736 in the pubs database. New Moon Books is located in Boston, Massachusetts.\r\n\r\nThis is sample text data for New Moon Books, publisher 0736 in the pubs database. New Moon Books is located in Boston, Massachusetts.\r\n\r\nThis is sample text data for New Moon Books, publisher 0736 in the pubs database. New Moon Books is located in Boston, Massachusetts.\r\n\r\nThis is sample text data for New Moon Books, publisher 0736 in the pubs database. New Moon Books is located in Boston, Massachusetts.\r\n\r\nThis is sample text data for New Moon Books, publisher 0736 in the pubs database. New Moon Books is located in Boston, Massachusetts.\r\n\r\nThis is sample text data for New Moon Books, publisher 0736 in the pubs database. New Moon Books is located in Boston, Massachusetts.\r\n\r\nThis is sample text data for New Moon Books, publisher 0736 in the pubs database. New Moon Books is located in Boston, Massachusetts.\r\n\r\nThis is sample text data for New Moon Books, publisher 0736 in the pubs database. New Moon Books is located in Boston, Massachusetts.\r\n\r\nThis is sample text data for New Moon Books, publisher 0736 in the pubs database. New Moon Books is located in Boston, Massachusetts.\r\n\r\nThis is sample text data for New Moon Books, publisher 0736 in the pubs database. New Moon Books is located in Boston, Massachusetts.\r\n\r\nThis is sample text data for New Moon Books, publisher 0736 in the pubs database. New Moon Books is located in Boston, Massachusetts.\r\n\r\nThis is sample text data for New Moon Books, publisher 0736 in the pubs database. New Moon Books is located in Boston, Massachusetts.\r\n\r\nThis is sample text data for New Moon Books, publisher 0736 in the pubs database. New Moon Books is located in Boston, Massachusetts.\r\n\r\nThis is sample text data for New Moon Books, publisher 0736 in the pubs database. New Moon Books is located in Boston, Massachusetts.\r\n\r\nThis is sample text data for New Moon Books, publisher 0736 in the pubs database. New Moon Books is located in Boston, Massachusetts.\r\n\r\nThis is sample text data for New Moon Books, publisher 0736 in the pubs database. New Moon Books is located in Boston, Massachusetts.\r\n\r\nThis is sample text data for New Moon Books, publisher 0736 in the pubs database. New Moon Books is located in Boston, Massachusetts.\r\n\r\nThis is sample text data for New Moon Books, publisher 0736 in the pubs database. New Moon Books is located in Boston, Massachusetts.\r\n\r\nThis is sample text data for New Moon Books, publisher 0736 in the pubs database. New Moon Books is located in Boston, Massachusetts.\r\n\r\nThis is sample text data for New Moon Books, publisher 0736 in the pubs database. New Moon Books is located in Boston, Massachusetts.\r\n\r\nThis is sample text data for New Moon Books, publisher 0736 in the pubs database. New Moon Books is located in Boston, Massachusetts.\r\n\r\nThis is sample text data for New Moon Books, publisher 0736 in the pubs database. New Moon Books is located in Boston, Massachusetts.\r\n\r\nThis is sample text data for New Moon Books, publisher 0736 in the pubs database. New Moon Books is located in Boston, Massachusetts.\r\n\r\nThis is sample text data for New Moon Books, publisher 0736 in the pubs database. New Moon Books is located in Boston, Massachusetts.\r\n\r\nThis is sample text data for New Moon Books, publisher 0736 in the pubs database. New Moon Books is located in Boston, Massachusetts.\r\n\r\nThis is sample text data for New Moon Books, publisher 0736 in the pubs database. New Moon Books is located in Boston, Massachusetts.\r\n\r\nThis is sample text data for New Moon Books, publisher 0736 in the pubs database. New Moon Books is located in Boston, Massachusetts.\r\n\r\nThis is sample text data for New Moon Books, publisher 0736 in the pubs database. New Moon Books is located in Boston, Massachusetts.\r\n\r\nThis is sample text data for New Moon Books, publisher 0736 in the pubs database. New Moon Books is located in Boston, Massachusetts.\r\n\r\nThis is sample text data for New Moon Books, publisher 0736 in the pubs database. New Moon Books is located in Boston, Massachusetts.\r\n\r\nThis is sample text data for New Moon Books, publisher 0736 in the pubs database. New Moon Books is located in Boston, Massachusetts.\r\n\r\nThis is sample text data for New Moon Books, publisher 0736 in the pubs database. New Moon Books is located in Boston, Massachusetts.\r\n\r\nThis is sample text data for New Moon Books, publisher 0736 in the pubs database. New Moon Books is located in Boston, Massachusetts.\r\n\r\nThis is sample text data for New Moon Books, publisher 0736 in the pubs database. New Moon Books is located in Boston, Massachusetts.\r\n\r\nThis is sample text data for New Moon Books, publisher 0736 in the pubs database. New Moon Books is located in Boston, Massachusetts.\r\n\r\nThis is sample text data for New Moon Books, publisher 0736 in the pubs database. New Moon Books is located in Boston, Massachusetts.\r\n\r\nThis is sample text data for New Moon Books, publisher 0736 in the pubs database. New Moon Books is located in Boston, Massachusetts.\r\n\r\nThis is sample text data for New Moon Books, publisher 0736 in the pubs database. New Moon Books is located in Boston, Massachusetts.\r\n\r\nThis is sample text data for New Moon Books, publisher 0736 in the pubs database. New Moon Books is located in Boston, Massachusetts.\r\n\r\nThis is sample text data for New Moon Books, publisher 0736 in the pubs database. New Moon Books is located in Boston, Massachusetts.\r\n\r\nThis is sample text data for New Moon Books, publisher 0736 in the pubs database. New Moon Books is located in Boston, Massachusetts.\r\n\r\nThis is sample text data for New Moon Books, publisher 0736 in the pubs database. New Moon Books is located in Boston, Massachusetts.\r\n\r\nThis is sample text data for New Moon Books, publisher 0736 in the pubs database. New Moon Books is located in Boston, Massachusetts.\r\n\r\nThis is sample text data for New Moon Books, publisher 0736 in the pubs database. New Moon Books is located in Boston, Massachusetts.\r\n\r\nThis is sample text data for New Moon Books, publisher 0736 in the pubs database. New Moon Books is located in Boston, Massachusetts.\r\n\r\nThis is sample text data for New Moon Books, publisher 0736 in the pubs database. New Moon Books is located in Boston, Massachusetts.\r\n\r\nThis is sample text data for New Moon Books, publisher 0736 in the pubs database. New Moon Books is located in Boston, Massachusetts.\r\n\r\nThis is sample text data for New Moon Books, publisher 0736 in the pubs database. New Moon Books is located in Boston, Massachusetts.\r\n\r\nThis is sample text data for New Moon Books, publisher 0736 in the pubs database. New Moon Books is located in Boston, Massachusetts.\r\n\r\nThis is sample text data for New Moon Books, publisher 0736 in the pubs database. New Moon Books is located in Boston, Massachusetts.\r\n\r\nThis is sample text data for New Moon Books, publisher 0736 in the pubs database. New Moon Books is located in Boston, Massachusetts.\r\n\r\nThis is sample text data for New Moon Books, publisher 0736 in the pubs database. New Moon Books is located in Boston, Massachusetts.\r\n\r\nThis is sample text data for New Moon Books, publisher 0736 in the pubs database. New Moon Books is located in Boston, Massachusetts.\r\n\r\nThis is sample text data for New Moon Books, publisher 0736 in the pubs database. New Moon Books is located in Boston, Massachusetts.\r\n\r\nThis is sample text data for New Moon Books, publisher 0736 in the pubs database. New Moon Books is located in Boston, Massachusetts.\r\n\r\nThis is sample text data for New Moon Books, publisher 0736 in the pubs database. New Moon Books is located in Boston, Massachusetts.\r\n\r\nThis is sample text data for New Moon Books, publisher 0736 in the pubs database. New Moon Books is located in Boston, Massachusetts.\r\n\r\nThis is sample text data for New Moon Books, publisher 0736 in the pubs database. New Moon Books is located in Boston, Massachusetts.\r\n\r\nThis is sample text data for New Moon Books, publisher 0736 in the pubs database. New Moon Books is located in Boston, Massachusetts.\r\n\r\nThis is sample text data for New Moon Books, publisher 0736 in the pubs database. New Moon Books is located in Boston, Massachusetts.\r\n\r\nThis is sample text data for New Moon Books, publisher 0736 in the pubs database. New Moon Books is located in Boston, Massachusetts.\r\n\r\nThis is sample text data for New Moon Books, publisher 0736 in the pubs database. New Moon Books is located in Boston, Massachusetts.\r\n\r\nThis is sample text data for New Moon Books, publisher 0736 in the pubs database. New Moon Books is located in Boston, Massachusetts.\r\n\r\nThis is sample text data for New Moon Books, publisher 0736 in the pubs database. New Moon Books is located in Boston, Massachusetts.\r\n\r\nThis is sample text data for New Moon Books, publisher 0736 in the pubs database. New Moon Books is located in Boston, Massachusetts.\r\n\r\nThis is sample text data for New Moon Books, publisher 0736 in the pubs database. New Moon Books is located in Boston, Massachusetts.\r\n\r\nThis is sample text data for New Moon Books, publisher 0736 in the pubs database. New Moon Books is located in Boston, Massachusetts.\r\n\r\nThis is sample text data for New Moon Books, publisher 0736 in the pubs database. New Moon Books is located in Boston, Massachusetts.\r\n\r\nThis is sample text data for New Moon Books, publisher 0736 in the pubs database. New Moon Books is located in Boston, Massachusetts.\r\n\r\nThis is sample text data for New Moon Books, publisher 0736 in the pubs database. New Moon Books is located in Boston, Massachusetts.\r\n\r\nThis is sample text data for New Moon Books, publisher 0736 in the pubs database. New Moon Books is located in Boston, Massachusetts.\r\n\r\nThis is sample text data for New Moon Books, publisher 0736 in the pubs database. New Moon Books is located in Boston, Massachusetts.\r\n\r\nThis is sample text data for New Moon Books, publisher 0736 in the pubs database. New Moon Books is located in Boston, Massachusetts.\r\n\r\nThis is sample text data for New Moon Books, publisher 0736 in the pubs database. New Moon Books is located in Boston, Massachusetts.\r\n\r\nThis is sample text data for New Moon Books, publisher 0736 in the pubs database. New Moon Books is located in Boston, Massachusetts.\r\n\r\nThis is sample text data for New Moon Books, publisher 0736 in the pubs database. New Moon Books is located in Boston, Massachusetts.\r\n\r\nThis is sample text data for New Moon Books, publisher 0736 in the pubs database. New Moon Books is located in Boston, Massachusetts.\r\n\r\nThis is sample text data for New Moon Books, publisher 0736 in the pubs database. New Moon Books is located in Boston, Massachusetts.\r\n\r\nThis is sample text data for New Moon Books, publisher 0736 in the pubs database. New Moon Books is located in Boston, Massachusetts.\r\n\r\nThis is sample text data for New Moon Books, publisher 0736 in the pubs database. New Moon Books is located in Boston, Massachusetts.\r\n\r\nThis is sample text data for New Moon Books, publisher 0736 in the pubs database. New Moon Books is located in Boston, Massachusetts.\r\n\r\nThis is sample text data for New Moon Books, publisher 0736 in the pubs database. New Moon Books is located in Boston, Massachusetts.\r\n\r\nThis is sample text data for New Moon Books, publisher 0736 in the pubs database. New Moon Books is located in Boston, Massachusetts.\r\n\r\nThis is sample text data for New Moon Books, publisher 0736 in the pubs database. New Moon Books is located in Boston, Massachusetts.\r\n\r\nThis is sample text data for New Moon Books, publisher 0736 in the pubs database. New Moon Books is located in Boston, Massachusetts.\r\n\r\nThis is sample text data for New Moon Books, publisher 0736 in the pubs database. New Moon Books is located in Boston, Massachusetts.\r\n\r\nThis is sample text data for New Moon Books, publisher 0736 in the pubs database. New Moon Books is located in Boston, Massachusetts.\r\n\r\nThis is sample text data for New Moon Books, publisher 0736 in the pubs database. New Moon Books is located in Boston, Massachusetts.\r\n\r\nThis is sample text data for New Moon Books, publisher 0736 in the pubs database. New Moon Books is located in Boston, Massachusetts.\r\n\r\nThis is sample text data for New Moon Books, publisher 0736 in the pubs database. New Moon Books is located in Boston, Massachusetts.\r\n\r\nThis is sample text data for New Moon Books, publisher 0736 in the pubs database. New Moon Books is located in Boston, Massachusetts.\r\n\r\nThis is sample text data for New Moon Books, publisher 0736 in the pubs database. New Moon Books is located in Boston, Massachusetts.\r\n\r\nThis is sample text data for New Moon Books, publisher 0736 in the pubs database. New Moon Books is located in Boston, Massachusetts.\r\n\r\nThis is sample text data for New Moon Books, publisher 0736 in the pubs database. New Moon Books is located in Boston, Massachusetts.\r\n\r\nThis is sample text data for New Moon Books, publisher 0736 in the pubs database. New Moon Books is located in Boston, Massachusetts.\r\n\r\nThis is sample text data for New Moon Books, publisher 0736 in the pubs database. New Moon Books is located in Boston, Massachusetts.\r\n\r\nThis is sample text data for New Moon Books, publisher 0736 in the pubs database. New Moon Books is located in Boston, Massachusetts.\r\n\r\nThis is sample text data for New Moon Books, publisher 0736 in the pubs database. New Moon Books is located in Boston, Massachusetts.\r\n\r\nThis is sample text data for New Moon Books, publisher 0736 in the pubs database. New Moon Books is located in Boston, Massachusetts.\r\n\r\nThis is sample text data for New Moon Books, publisher 0736 in the pubs database. New Moon Books is located in Boston, Massachusetts.\r\n\r\nThis is sample text data for New Moon Books, publisher 0736 in the pubs database. New Moon Books is located in Boston, Massachusetts.\r\n\r\nThis is sample text data for New Moon Books, publisher 0736 in the pubs database. New Moon Books is located in Boston, Massachusetts.\r\n\r\nThis is sample text data for New Moon Books, publisher 0736 in the pubs database. New Moon Books is located in Boston, Massachusetts.\r\n\r\nThis is sample text data for New Moon Books, publisher 0736 in the pubs database. New Moon Books is located in Boston, Massachusetts.\r\n\r\nThis is sample text data for New Moon Books, publisher 0736 in the pubs database. New Moon Books is located in Boston, Massachusetts.\r\n\r\nThis is sample text data for New Moon Books, publisher 0736 in the pubs database. New Moon Books is located in Boston, Massachusetts.\r\n\r\nThis is sample text data for New Moon Books, publisher 0736 in the pubs database. New Moon Books is located in Boston, Massachusetts.\r\n\r\nThis is sample text data for New Moon Books, publisher 0736 in the pubs database. New Moon Books is located in Boston, Massachusetts.\r\n\r\nThis is sample text data for New Moon Books, publisher 0736 in the pubs database. New Moon Books is located in Boston, Massachusetts.\r\n\r\nThis is sample text data for New Moon Books, publisher 0736 in the pubs database. New Moon Books is located in Boston, Massachusetts.\r\n\r\nThis is sample text data for New Moon Books, publisher 0736 in the pubs database. New Moon Books is located in Boston, Massachusetts.\r\n\r\nThis is sample text data for New Moon Books, publisher 0736 in the pubs database. New Moon Books is located in Boston, Massachusetts.\r\n\r\nThis is sample text data for New Moon Books, publisher 0736 in the pubs database. New Moon Books is located in Boston, Massachusetts.\r\n\r\nThis is sample text data for New Moon Books, publisher 0736 in the pubs database. New Moon Books is located in Boston, Massachusetts.\r\n\r\nThis is sample text data for New Moon Books, publisher 0736 in the pubs database. New Moon Books is located in Boston, Massachusetts.\r\n\r\nThis is sample text data for New Moon Books, publisher 0736 in the pubs database. New Moon Books is located in Boston, Massachusetts.\r\n\r\nThis is sample text data for New Moon Books, publisher 0736 in the pubs database. New Moon Books is located in Boston, Massachusetts.\r\n\r\nThis is sample text data for New Moon Books, publisher 0736 in the pubs database. New Moon Books is located in Boston, Massachusetts.\r\n\r\nThis is sample text data for New Moon Books, publisher 0736 in the pubs database. New Moon Books is located in Boston, Massachusetts.\r\n\r\nThis is sample text data for New Moon Books, publisher 0736 in the pubs database. New Moon Books is located in Boston, Massachusetts.\r\n\r\nThis is sample text data for New Moon Books, publisher 0736 in the pubs database. New Moon Books is located in Boston, Massachusetts.\r\n\r\nThis is sample text data for New Moon Books, publisher 0736 in the pubs database. New Moon Books is located in Boston, Massachusetts.\r\n\r\nThis is sample text data for New Moon Books, publisher 0736 in the pubs database. New Moon Books is located in Boston, Massachusetts.\r\n\r\nThis is sample text data for New Moon Books, publisher 0736 in the pubs database. New Moon Books is located in Boston, Massachusetts.\r\n\r\nThis is sample text data for New Moon Books, publisher 0736 in the pubs database. New Moon Books is located in Boston, Massachusetts.\r\n\r\nThis is sample text data for New Moon Books, publisher 0736 in the pubs database. New Moon Books is located in Boston, Massachusetts.\r\n\r\nThis is sample text data for New Moon Books, publisher 0736 in the pubs database. New Moon Books is located in Boston, Massachusetts.\r\n\r\nThis is sample text data for New Moon Books, publisher 0736 in the pubs database. New Moon Books is located in Boston, Massachusetts.\r\n\r\nThis is sample text data for New Moon Books, publisher 0736 in the pubs database. New Moon Books is located in Boston, Massachusetts.\r\n\r\nThis is sample text data for New Moon Books, publisher 0736 in the pubs database. New Moon Books is located in Boston, Massachusetts.\r\n\r\nThis is sample text data for New Moon Books, publisher 0736 in the pubs database. New Moon Books is located in Boston, Massachusetts.\r\n\r\nThis is sample text data for New Moon Books, publisher 0736 in the pubs database. New Moon Books is located in Boston, Massachusetts.\r\n\r\nThis is sample text data for New Moon Books, publisher 0736 in the pubs database. New Moon Books is located in Boston, Massachusetts.\r\n\r\nThis is sample text data for New Moon Books, publisher 0736 in the pubs database. New Moon Books is located in Boston, Massachusetts.\r\n\r\nThis is sample text data for New Moon Books, publisher 0736 in the pubs database. New Moon Books is located in Boston, Massachusetts.\r\n\r\nThis is sample text data for New Moon Books, publisher 0736 in the pubs database. New Moon Books is located in Boston, Massachusetts.\r\n\r\nThis is sample text data for New Moon Books, publisher 0736 in the pubs database. New Moon Books is located in Boston, Massachusetts.\r\n\r\nThis is sample text data for New Moon Books, publisher 0736 in the pubs database. New Moon Books is located in Boston, Massachusetts.\r\n\r\nThis is sample text data for New Moon Books, publisher 0736 in the pubs database. New Moon Books is located in Boston, Massachusetts.\r\n\r\nThis is sample text data for New Moon Books, publisher 0736 in the pubs database. New Moon Books is located in Boston, Massachusetts.\r\n\r\nThis is sample text data for New Moon Books, publisher 0736 in the pubs database. New Moon Books is located in Boston, Massachusetts.\r\n\r\nThis is sample text data for New Moon Books, publisher 0736 in the pubs database. New Moon Books is located in Boston, Massachusetts.\r\n\r\nThis is sample text data for New Moon Books, publisher 0736 in the pubs database. New Moon Books is located in Boston, Massachusetts.\r\n\r\nThis is sample text data for New Moon Books, publisher 0736 in the pubs database. New Moon Books is located in Boston, Massachusetts.\r\n\r\nThis is sample text data for New Moon Books, publisher 0736 in the pubs database. New Moon Books is located in Boston, Massachusetts.\r\n\r\nThis is sample text data for New Moon Books, publisher 0736 in the pubs database. New Moon Books is located in Boston, Massachusetts.\r\n\r\nThis is sample text data for New Moon Books, publisher 0736 in the pubs database. New Moon Books is located in Boston, Massachusetts.\r\n\r\nThis is sample text data for New Moon Books, publisher 0736 in the pubs database. New Moon Books is located in Boston, Massachusetts.\r\n\r\nThis is sample text data for New Moon Books, publisher 0736 in the pubs database. New Moon Books is located in Boston, Massachusetts.\r\n\r\nThis is sample text data for New Moon Books, publisher 0736 in the pubs database. New Moon Books is located in Boston, Massachusetts.\r\n\r\nThis is sample text data for New Moon Books, publisher 0736 in the pubs database. New Moon Books is located in Boston, Massachusetts.\r\n\r\nThis is sample text data for New Moon Books, publisher 0736 in the pubs database. New Moon Books is located in Boston, Massachusetts.\r\n\r\nThis is sample text data for New Moon Books, publisher 0736 in the pubs database. New Moon Books is located in Boston, Massachusetts.\r\n\r\nThis is sample text data for New Moon Books, publisher 0736 in the pubs database. New Moon Books is located in Boston, Massachusetts.\r\n\r\nThis is sample text data for New Moon Books, publisher 0736 in the pubs database. New Moon Books is located in Boston, Massachusetts.\r\n\r\nThis is sample text data for New Moon Books, publisher 0736 in the pubs database. New Moon Books is located in Boston, Massachusetts.\r\n\r\nThis is sample text data for New Moon Books, publisher 0736 in the pubs database. New Moon Books is located in Boston, Massachusetts.\r\n\r\nThis is sample text data for New Moon Books, publisher 0736 in the pubs database. New Moon Books is located in Boston, Massachusetts.\r\n\r\nThis is sample text data for New Moon Books, publisher 0736 in the pubs database. New Moon Books is located in Boston, Massachusetts.\r\n\r\nThis is sample text data for New Moon Books, publisher 0736 in the pubs database. New Moon Books is located in Boston, Massachusetts.\r\n\r\nThis is sample text data for New Moon Books, publisher 0736 in the pubs database. New Moon Books is located in Boston, Massachusetts.\r\n\r\nThis is sample text data for New Moon Books, publisher 0736 in the pubs database. New Moon Books is located in Boston, Massachusetts.\r\n\r\nThis is sample text data for New Moon Books, publisher 0736 in the pubs database. New Moon Books is located in Boston, Massachusetts.\r\n\r\nThis is sample text data for New Moon Books, publisher 0736 in the pubs database. New Moon Books is located in Boston, Massachusetts.\r\n\r\nThis is sample text data for New Moon Books, publisher 0736 in the pubs database. New Moon Books is located in Boston, Massachusetts.\r\n\r\nThis is sample text data for New Moon Books, publisher 0736 in the pubs database. New Moon Books is located in Boston, Massachusetts.\r\n\r\nThis is sample text data for New Moon Books, publisher 0736 in the pubs database. New Moon Books is located in Boston, Massachusetts.\r\n\r\nThis is sample text data for New Moon Books, publisher 0736 in the pubs database. New Moon Books is located in Boston, Massachusetts.\r\n\r\nThis is sample text data for New Moon Books, publisher 0736 in the pubs database. New Moon Books is located in Boston, Massachusetts.\r\n\r\nThis is sample text data for New Moon Books, publisher 0736 in the pubs database. New Moon Books is located in Boston, Massachusetts.\r\n\r\nThis is sample text data for New Moon Books, publisher 0736 in the pubs database. New Moon Books is located in Boston, Massachusetts.\r\n\r\nThis is sample text data for New Moon Books, publisher 0736 in the pubs database. New Moon Books is located in Boston, Massachusetts.\r\n\r\nThis is sample text data for New Moon Books, publisher 0736 in the pubs database. New Moon Books is located in Boston, Massachusetts.\r\n\r\nThis is sample text data for New Moon Books, publisher 0736 in the pubs database. New Moon Books is located in Boston, Massachusetts.\r\n\r\nThis is sample text data for New Moon Books, publisher 0736 in the pubs database. New Moon Books is located in Boston, Massachusetts.\r\n\r\nThis is sample text data for New Moon Books, publisher 0736 in the pubs database. New Moon Books is located in Boston, Massachusetts.\r\n\r\nThis is sample text data for New Moon Books, publisher 0736 in the pubs database. New Moon Books is located in Boston, Massachusetts.\r\n\r\nThis is sample text data for New Moon Books, publisher 0736 in the pubs database. New Moon Books is located in Boston, Massachusetts.\r\n\r\nThis is sample text data for New Moon Books, publisher 0736 in the pubs database. New Moon Books is located in Boston, Massachusetts.\r\n\r\nThis is sample text data for New Moon Books, publisher 0736 in the pubs database. New Moon Books is located in Boston, Massachusetts.\r\n\r\nThis is sample text data for New Moon Books, publisher 0736 in the pubs database. New Moon Books is located in Boston, Massachusetts.\r\n\r\nThis is sample text data for New Moon Books, publisher 0736 in the pubs database. New Moon Books is located in Boston, Massachusetts.\r\n\r\nThis is sample text data for New Moon Books, publisher 0736 in the pubs database. New Moon Books is located in Boston, Massachusetts.\r\n\r\nThis is sample text data for New Moon Books, publisher 0736 in the pubs database. New Moon Books is located in Boston, Massachusetts.\r\n\r\nThis is sample text data for New Moon Books, publisher 0736 in the pubs database. New Moon Books is located in Boston, Massachusetts.\r\n\r\nThis is sample text data for New Moon Books, publisher 0736 in the pubs database. New Moon Books is located in Boston, Massachusetts.\r\n\r\nThis is sample text data for New Moon Books, publisher 0736 in the pubs database. New Moon Books is located in Boston, Massachusetts.\r\n\r\nThis is sample text data for New Moon Books, publisher 0736 in the pubs database. New Moon Books is located in Boston, Massachusetts.\r\n\r\nThis is sample text data for New Moon Books, publisher 0736 in the pubs database. New Moon Books is located in Boston, Massachusetts.\r\n\r\nThis is sample text data for New Moon Books, publisher 0736 in the pubs database. New Moon Books is located in Boston, Massachusetts.\r\n\r\nThis is sample text data for New Moon Books, publisher 0736 in the pubs database. New Moon Books is located in Boston, Massachusetts.\r\n\r\nThis is sample text data for New Moon Books, publisher 0736 in the pubs database. New Moon Books is located in Boston, Massachusetts.\r\n\r\nThis is sample text data for New Moon Books, publisher 0736 in the pubs database. New Moon Books is located in Boston, Massachusetts.\r\n\r\nThis is sample text data for New Moon Books, publisher 0736 in the pubs database. New Moon Books is located in Boston, Massachusetts.\r\n\r\nThis is sample text data for New Moon Books, publisher 0736 in the pubs database. New Moon Books is located in Boston, Massachusetts.\r\n\r\nThis is sample text data for New Moon Books, publisher 0736 in the pubs database. New Moon Books is located in Boston, Massachusetts.\r\n\r\nThis is sample text data for New Moon Books, publisher 0736 in the pubs database. New Moon Books is located in Boston, Massachusetts.\r\n\r\nThis is sample text data for New Moon Books, publisher 0736 in the pubs database. New Moon Books is located in Boston, Massachusetts.\r\n\r\nThis is sample text data for New Moon Books, publisher 0736 in the pubs database. New Moon Books is located in Boston, Massachusetts.\r\n\r\nThis is sample text data for New Moon Books, publisher 0736 in the pubs database. New Moon Books is located in Boston, Massachusetts.\r\n\r\nThis is sample text data for New Moon Books, publisher 0736 in the pubs database. New Moon Books is located in Boston, Massachusetts.\r\n\r\nThis is sample text data for New Moon Books, publisher 0736 in the pubs database. New Moon Books is located in Boston, Massachusetts.\r\n\r\nThis is sample text data for New Moon Books, publisher 0736 in the pubs database. New Moon Books is located in Boston, Massachusetts.\r\n\r\nThis is sample text data for New Moon Books, publisher 0736 in the pubs database. New Moon Books is located in Boston, Massachusetts.\r\n\r\nThis is sample text data for New Moon Books, publisher 0736 in the pubs database. New Moon Books is located in Boston, Massachusetts.\r\n\r\nThis is sample text data for New Moon Books, publisher 0736 in the pubs database. New Moon Books is located in Boston, Massachusetts.\r\n\r\nThis is sample text data for New Moon Books, publisher 0736 in the pubs database. New Moon Books is located in Boston, Massachusetts.\r\n\r\nThis is sample text data for New Moon Books, publisher 0736 in the pubs database. New Moon Books is located in Boston, Massachusetts.\r\n\r\nThis is sample text data for New Moon Books, publisher 0736 in the pubs database. New Moon Books is located in Boston, Massachusetts.\r\n\r\nThis is sample text data for New Moon Books, publisher 0736 in the pubs database. New Moon Books is located in Boston, Massachusetts.\r\n\r\nThis is sample text data for New Moon Books, publisher 0736 in the pubs database. New Moon Books is located in Boston, Massachusetts.\r\n\r\nThis is sample text data for New Moon Books, publisher 0736 in the pubs database. New Moon Books is located in Boston, Massachusetts.\r\n\r\nThis is sample text data for New Moon Books, publisher 0736 in the pubs database. New Moon Books is located in Boston, Massachusetts.\r\n\r\nThis is sample text data for New Moon Books, publisher 0736 in the pubs database. New Moon Books is located in Boston, Massachusetts.\r\n\r\nThis is sample text data for New Moon Books, publisher 0736 in the pubs database. New Moon Books is located in Boston, Massachusetts.\r\n\r\nThis is sample text data for New Moon Books, publisher 0736 in the pubs database. New Moon Books is located in Boston, Massachusetts.\r\n\r\nThis is sample text data for New Moon Books, publisher 0736 in the pubs database. New Moon Books is located in Boston, Massachusetts.\r\n\r\nThis is sample text data for New Moon Books, publisher 0736 in the pubs database. New Moon Books is located in Boston, Massachusetts.\r\n\r\nThis is sample text data for New Moon Books, publisher 0736 in the pubs database. New Moon Books is located in Boston, Massachusetts.\r\n\r\nThis is sample text data for New Moon Books, publisher 0736 in the pubs database. New Moon Books is located in Boston, Massachusetts.\r\n\r\nThis is sample text data for New Moon Books, publisher 0736 in the pubs database. New Moon Books is located in Boston, Massachusetts.\r\n\r\nThis is sample text data for New Moon Books, publisher 0736 in the pubs database. New Moon Books is located in Boston, Massachusetts.\r\n\r\nThis is sample text data for New Moon Books, publisher 0736 in the pubs database. New Moon Books is located in Boston, Massachusetts.\r\n\r\nThis is sample text data for New Moon Books, publisher 0736 in the pubs database. New Moon Books is located in Boston, Massachusetts.\r\n\r\nThis is sample text data for New Moon Books, publisher 0736 in the pubs database. New Moon Books is located in Boston, Massachusetts.\r\n\r\nThis is sample text data for New Moon Books, publisher 0736 in the pubs database. New Moon Books is located in Boston, Massachusetts.\r\n\r\nThis is sample text data for New Moon Books, publisher 0736 in the pubs database. New Moon Books is located in Boston, Massachusetts.\r\n\r\nThis is sample text data for New Moon Books, publisher 0736 in the pubs database. New Moon Books is located in Boston, Massachusetts.\r\n\r\nThis is sample text data for New Moon Books, publisher 0736 in the pubs database. New Moon Books is located in Boston, Massachusetts.\r\n\r\nThis is sample text data for New Moon Books, publisher 0736 in the pubs database. New Moon Books is located in Boston, Massachusetts.\r\n\r\nThis is sample text data for New Moon Books, publisher 0736 in the pubs database. New Moon Books is located in Boston, Massachusetts.\r\n\r\nThis is sample text data for New Moon Books, publisher 0736 in the pubs database. New Moon Books is located in Boston, Massachusetts.\r\n\r\nThis is sample text data for New Moon Books, publisher 0736 in the pubs database. New Moon Books is located in Boston, Massachusetts.\r\n\r\nThis is sample text data for New Moon Books, publisher 0736 in the pubs database. New Moon Books is located in Boston, Massachusetts.\r\n\r\nThis is sample text data for New Moon Books, publisher 0736 in the pubs database. New Moon Books is located in Boston, Massachusetts.\r\n\r\nThis is sample text data for New Moon Books, publisher 0736 in the pubs database. New Moon Books is located in Boston, Massachusetts.\r\n\r\nThis is sample text data for New Moon Books, publisher 0736 in the pubs database. New Moon Books is located in Boston, Massachusetts.\r\n\r\nThis is sample text data for New Moon Books, publisher 0736 in the pubs database. New Moon Books is located in Boston, Massachusetts.\r\n\r\nThis is sample text data for New Moon Books, publisher 0736 in the pubs database. New Moon Books is located in Boston, Massachusetts.\r\n\r\nThis is sample text data for New Moon Books, publisher 0736 in the pubs database. New Moon Books is located in Boston, Massachusetts.\r\n\r\nThis is sample text data for New Moon Books, publisher 0736 in the pubs database. New Moon Books is located in Boston, Massachusetts.\r\n\r\nThis is sample text data for New Moon Books, publisher 0736 in the pubs database. New Moon Books is located in Boston, Massachusetts.\r\n\r\nThis is sample text data for New Moon Books, publisher 0736 in the pubs database. New Moon Books is located in Boston, Massachusetts.\r\n\r\nThis is sample text data for New Moon Books, publisher 0736 in the pubs database. New Moon Books is located in Boston, Massachusetts.\r\n\r\nThis is sample text data for New Moon Books, publisher 0736 in the pubs database. New Moon Books is located in Boston, Massachusetts.\r\n\r\nThis is sample text data for New Moon Books, publisher 0736 in the pubs database. New Moon Books is located in Boston, Massachusetts.\r\n\r\nThis is sample text data for New Moon Books, publisher 0736 in the pubs database. New Moon Books is located in Boston, Massachusetts.\r\n\r\nThis is sample text data for New Moon Books, publisher 0736 in the pubs database. New Moon Books is located in Boston, Massachusetts.\r\n\r\nThis is sample text data for New Moon Books, publisher 0736 in the pubs database. New Moon Books is located in Boston, Massachusetts.\r\n\r\nThis is sample text data for New Moon Books, publisher 0736 in the pubs database. New Moon Books is located in Boston, Massachusetts.\r\n\r\nThis is sample text data for New Moon Books, publisher 0736 in the pubs database. New Moon Books is located in Boston, Massachusetts.\r\n\r\nThis is sample text data for New Moon Books, publisher 0736 in the pubs database. New Moon Books is located in Boston, Massachusetts.\r\n\r\nThis is sample text data for New Moon Books, publisher 0736 in the pubs database. New Moon Books is located in Boston, Massachusetts.\r\n\r\nThis is sample text data for New Moon Books, publisher 0736 in the pubs database. New Moon Books is located in Boston, Massachusetts.\r\n\r\nThis is sample text data for New Moon Books, publisher 0736 in the pubs database. New Moon Books is located in Boston, Massachusetts.\r\n\r\nThis is sample text data for New Moon Books, publisher 0736 in the pubs database. New Moon Books is located in Boston, Massachusetts.\r\n\r\nThis is sample text data for New Moon Books, publisher 0736 in the pubs database. New Moon Books is located in Boston, Massachusetts.\r\n\r\nThis is sample text data for New Moon Books, publisher 0736 in the pubs database. New Moon Books is located in Boston, Massachusetts.\r\n\r\nThis is sample text data for New Moon Books, publisher 0736 in the pubs database. New Moon Books is located in Boston, Massachusetts.\r\n\r\nThis is sample text data for New Moon Books, publisher 0736 in the pubs database. New Moon Books is located in Boston, Massachusetts.\r\n\r\nThis is sample text data for New Moon Books, publisher 0736 in the pubs database. New Moon Books is located in Boston, Massachusetts.\r\n\r\nThis is sample text data for New Moon Books, publisher 0736 in the pubs database. New Moon Books is located in Boston, Massachusetts.\r\n\r\nThis is sample text data for New Moon Books, publisher 0736 in the pubs database. New Moon Books is located in Boston, Massachusetts.\r\n\r\nThis is sample text data for New Moon Books, publisher 0736 in the pubs database. New Moon Books is located in Boston, Massachusetts.\r\n\r\nThis is sample text data for New Moon Books, publisher 0736 in the pubs database. New Moon Books is located in Boston, Massachusetts.\r\n\r\nThis is sample text data for New Moon Books, publisher 0736 in the pubs database. New Moon Books is located in Boston, Massachusetts.\r\n\r\nThis is sample text data for New Moon Books, publisher 0736 in the pubs database. New Moon Books is located in Boston, Massachusetts.\r\n\r\nThis is sample text data for New Moon Books, publisher 0736 in the pubs database. New Moon Books is located in Boston, Massachusetts.\r\n\r\nThis is sample text data for New Moon Books, publisher 0736 in the pubs database. New Moon Books is located in Boston, Massachusetts.\r\n\r\nThis is sample text data for New Moon Books, publisher 0736 in the pubs database. New Moon Books is located in Boston, Massachusetts.\r\n\r\nThis is sample text data for New Moon Books, publisher 0736 in the pubs database. New Moon Books is located in Boston, Massachusetts.\r\n\r\nThis is sample text data for New Moon Books, publisher 0736 in the pubs database. New Moon Books is located in Boston, Massachusetts.\r\n\r\nThis is sample text data for New Moon Books, publisher 0736 in the pubs database. New Moon Books is located in Boston, Massachusetts.\r\n\r\nThis is sample text data for New Moon Books, publisher 0736 in the pubs database. New Moon Books is located in Boston, Massachusetts.\r\n\r\nThis is sample text data for New Moon Books, publisher 0736 in the pubs database. New Moon Books is located in Boston, Massachusetts.\r\n\r\nThis is sample text data for New Moon Books, publisher 0736 in the pubs database. New Moon Books is located in Boston, Massachusetts.\r\n\r\nThis is sample text data for New Moon Books, publisher 0736 in the pubs database. New Moon Books is located in Boston, Massachusetts.\r\n\r\nThis is sample text data for New Moon Books, publisher 0736 in the pubs database. New Moon Books is located in Boston, Massachusetts.\r\n\r\nThis is sample text data for New Moon Books, publisher 0736 in the pubs database. New Moon Books is located in Boston, Massachusetts.\r\n\r\nThis is sample text data for New Moon Books, publisher 0736 in the pubs database. New Moon Books is located in Boston, Massachusetts.\r\n\r\nThis is sample text data for New Moon Books, publisher 0736 in the pubs database. New Moon Books is located in Boston, Massachusetts.\r\n\r\nThis is sample text data for New Moon Books, publisher 0736 in the pubs database. New Moon Books is located in Boston, Massachusetts.\r\n\r\nThis is sample text data for New Moon Books, publisher 0736 in the pubs database. New Moon Books is located in Boston, Massachusetts.\r\n\r\nThis is sample text data for New Moon Books, publisher 0736 in the pubs database. New Moon Books is located in Boston, Massachusetts.\r\n\r\nThis is sample text data for New Moon Books, publisher 0736 in the pubs database. New Moon Books is located in Boston, Massachusetts.\r\n\r\nThis is sample text data for New Moon Books, publisher 0736 in the pubs database. New Moon Books is located in Boston, Massachusetts.\r\n\r\nThis is sample text data for New Moon Books, publisher 0736 in the pubs database. New Moon Books is located in Boston, Massachusetts.\r\n\r\nThis is sample text data for New Moon Books, publisher 0736 in the pubs database. New Moon Books is located in Boston, Massachusetts.\r\n\r\nThis is sample text data for New Moon Books, publisher 0736 in the pubs database. New Moon Books is located in Boston, Massachusetts.\r\n\r\nThis is sample text data for New Moon Books, publisher 0736 in the pubs database. New Moon Books is located in Boston, Massachusetts.\r\n\r\nThis is sample text data for New Moon Books, publisher 0736 in the pubs database. New Moon Books is located in Boston, Massachusetts.\r\n\r\nThis is sample text data for New Moon Books, publisher 0736 in the pubs database. New Moon Books is located in Boston, Massachusetts.\r\n\r\nThis is sample text data for New Moon Books, publisher 0736 in the pubs database. New Moon Books is located in Boston, Massachusetts.\r\n\r\nThis is sample text data for New Moon Books, publisher 0736 in the pubs database. New Moon Books is located in Boston, Massachusetts.\r\n\r\nThis is sample text data for New Moon Books, publisher 0736 in the pubs database. New Moon Books is located in Boston, Massachusetts.\r\n\r\nThis is sample text data for New Moon Books, publisher 0736 in the pubs database. New Moon Books is located in Boston, Massachusetts.\r\n\r\nThis is sample text data for New Moon Books, publisher 0736 in the pubs database. New Moon Books is located in Boston, Massachusetts.\r\n\r\nThis is sample text data for New Moon Books, publisher 0736 in the pubs database. New Moon Books is located in Boston, Massachusetts.\r\n\r\nThis is sample text data for New Moon Books, publisher 0736 in the pubs database. New Moon Books is located in Boston, Massachusetts.\r\n\r\nThis is sample text data for New Moon Books, publisher 0736 in the pubs database. New Moon Books is located in Boston, Massachusetts.\r\n\r\nThis is sample text data for New Moon Books, publisher 0736 in the pubs database. New Moon Books is located in Boston, Massachusetts.\r\n\r\nThis is sample text data for New Moon Books, publisher 0736 in the pubs database. New Moon Books is located in Boston, Massachusetts.\r\n\r\nThis is sample text data for New Moon Books, publisher 0736 in the pubs database. New Moon Books is located in Boston, Massachusetts.\r\n\r\nThis is sample text data for New Moon Books, publisher 0736 in the pubs database. New Moon Books is located in Boston, Massachusetts.\r\n\r\nThis is sample text data for New Moon Books, publisher 0736 in the pubs database. New Moon Books is located in Boston, Massachusetts.\r\n\r\nThis is sample text data for New Moon Books, publisher 0736 in the pubs database. New Moon Books is located in Boston, Massachusetts.\r\n\r\nThis is sample text data for New Moon Books, publisher 0736 in the pubs database. New Moon Books is located in Boston, Massachusetts.\r\n\r\nThis is sample text data for New Moon Books, publisher 0736 in the pubs database. New Moon Books is located in Boston, Massachusetts.'),
	('0877',X'474946383961EFBFBD002F00EFBFBD0F00000000EFBFBD000000EFBFBD00EFBFBDEFBFBD000000EFBFBDEFBFBD00EFBFBD00EFBFBDEFBFBDEFBFBDEFBFBDEFBFBDEFBFBDEFBFBDEFBFBDEFBFBD000000EFBFBD00EFBFBDEFBFBD000000EFBFBDEFBFBD00EFBFBD00EFBFBDEFBFBDEFBFBDEFBFBDEFBFBD21EFBFBD040100000F002C00000000EFBFBD002F004004EFBFBDEFBFBDEFBFBD49EFBFBDEFBFBD38EFBFBDCDBBEFBFBDEFBFBD04EFBFBD6408EFBFBDE384A62BD59630EFBFBDEFBFBDEFBFBDEFBFBDEFBFBD287EEFBFBD79EFBFBD73EFBFBDEFBFBD6A482C1AEFBFBDC8A47249EFBFBDEFBFBD76EFBFBD1F3058EFBFBD413557EFBFBDEFBFBD45053DEFBFBD5768560CEFBFBD6A555D343A1B6D3FEFBFBDEFBFBD2A377E66DBA5EFBFBDEFBFBDEFBFBDEFBFBDEFBFBDEFBFBDEFBFBD2AEFBFBD5B463A47EFBFBDEFBFBD69EFBFBD1F7A3D7C7CEFBFBD3EEFBFBDEFBFBDEFBFBDEFBFBD7F666A756567EFBFBD6E6C51EFBFBD1676EFBFBD646E7DEFBFBDEFBFBDEFBFBD22EFBFBDEFBFBDEFBFBD24EFBFBDEFBFBDEFBFBD364C737EEFBFBD5EEFBFBD1BEFBFBDEFBFBDEFBFBDEFBFBDEFBFBD1DEFBFBDEFBFBDEFBFBD6470EFBFBDEFBFBD58EFBFBD18EFBFBDEFBFBD65EFBFBDEFBFBD36CEA1EFBFBDEFBFBDEFBFBDEFBFBDD0AAEFBFBDEFBFBD4CEFBFBDEFBFBDEFBFBD6FEFBFBDDFAB5F43EFBFBDEFBFBDDCB519EFBFBD5BEFBFBDEFBFBDEFBFBDEFBFBDEFBFBDEEA9A7EFBFBDD9BF5461EFBFBD7DEFBFBDEFBFBDEFBFBD7475EFBFBD70EFBFBDC58BEFBFBDEFBFBD59EFBFBD7402EFBFBDEFBFBDEFBFBD37EFBFBDEFBFBD187010EFBFBD55EFBFBD48EFBFBD5CC58B4E20CE9A762E62EFBFBD58CAB86839EFBFBD08EFBFBD24EFBFBDEFBFBDEFBFBD4662EFBFBDEFBFBD0D653EEFBFBD2BEFBFBD7924EFBFBDEFBFBD2646EFBFBD27EFBFBDEFBFBDC6AD2538EFBFBD2E6FEFBFBDEFBFBD29720D4E63472901251A33EFBFBDD28DEFBFBD7A5A731A7325EFBFBD6D50EFBFBD6ADDAA2463D5AF1EEFBFBDEFBFBDEFBFBDEFBFBD4FEFBFBDEFBFBD6656EFBFBD21EFBFBD31EFBFBDC4BFEFBFBDCBA87912EFBFBDD194D4B535EFBFBDEFBFBDDBA93221EFBFBD226D022EEFBFBD37D89C594305EFBFBD321C0CEFBFBDDFA5C58223036E08EFBFBD3139EFBFBD032563EFBFBD0BEFBFBD6D2ACD8B2BCB92EFBFBDEFBFBDEFBFBDEFBFBDC6A53EE39BA757EFBFBD62EFBFBD294917EFBFBD473035EFBFBDEFBFBD183FEFBFBD3BEFBFBDEFBFBDEFBFBDEFBFBD60EFBFBD01EFBFBD00003B','This is sample text data for Binnet & Hardley, publisher 0877 in the pubs database. Binnet & Hardley is located in Washington, D.C.\r\n\r\nThis is sample text data for Binnet & Hardley, publisher 0877 in the pubs database. Binnet & Hardley is located in Washington, D.C.\r\n\r\nThis is sample text data for Binnet & Hardley, publisher 0877 in the pubs database. Binnet & Hardley is located in Washington, D.C.\r\n\r\nThis is sample text data for Binnet & Hardley, publisher 0877 in the pubs database. Binnet & Hardley is located in Washington, D.C.\r\n\r\nThis is sample text data for Binnet & Hardley, publisher 0877 in the pubs database. Binnet & Hardley is located in Washington, D.C.'),
	('1389',X'474946383961EFBFBD001D00EFBFBD0F00000000EFBFBD000000EFBFBD00EFBFBDEFBFBD000000EFBFBDEFBFBD00EFBFBD00EFBFBDEFBFBDEFBFBDEFBFBDEFBFBDEFBFBDEFBFBDEFBFBDEFBFBD000000EFBFBD00EFBFBDEFBFBD000000EFBFBDEFBFBD00EFBFBD00EFBFBDEFBFBDEFBFBDEFBFBDEFBFBD21EFBFBD040100000F002C00000000EFBFBD001D004004EFBFBDEFBFBDEFBFBD49EFBFBDEFBFBD38EFBFBDCDBBEFBFBD6028EFBFBD1C60EFBFBD2840EFBFBD2CEFBFBDEFBFBD6D2CCFB339EFBFBD0F2CEFBFBDEFBFBDEFBFBDE6BC9FEFBFBD26EFBFBD01413AEFBFBDEFBFBDEFBFBD6BEFBFBDEFBFBDC7A154EFBFBD7CC29C44EFBFBDC7A8EFBFBD7A2FEFBFBD2FEFBFBD2514EFBFBD29EFBFBDEFBFBD79EFBFBD55EFBFBDEFBFBDEFBFBD31EFBFBD35CFA4EFBFBD6171EFBFBDEFBFBDEFBFBDEFBFBD51546541684CEFBFBDEFBFBDEFBFBD7151537FEFBFBDEFBFBD58EFBFBDEFBFBDEFBFBD6045EFBFBD74EFBFBD757B6CEFBFBDEFBFBDEFBFBDEFBFBDEFBFBDEFBFBDEFBFBDEFBFBDEFBFBDEFBFBDEFBFBDEFBFBDEFBFBDEFBFBDEFBFBDEFBFBD5A6A3E6416EFBFBD23EFBFBDEFBFBD1A775B7566EFBFBD5D7FEFBFBDEFBFBDEFBFBD5150EFBFBD7BEFBFBDEFBFBDEFBFBD7DEFBFBDEFBFBDEFBFBD79EFBFBDEFBFBDEFBFBDEFBFBDEFBFBDEFBFBDCFAF6F44EFBFBDD0AD71EFBFBDEFBFBDEFBFBD53EFBFBDEFBFBDEFBFBDEFBFBDEFBFBDEFBFBDEFBFBDDB81EFBFBDD895EFBFBDEFBFBDEFBFBDEFBFBDEFBFBDEFBFBDEFBFBDEFBFBDEFBFBDEFBFBDEFBFBDEFBFBDEFBFBDEFBFBD76EFBFBDEFBFBDEFBFBDEFBFBDEFBFBD74EFBFBD01DCB4EFBFBD5DEFBFBD7C03EFBFBD1454070F61423D491C326BEFBFBDEFBFBD2110EFBFBD250C7AEFBFBD286761EFBFBD25EFBFBD7F2EEFBFBD1168EFBFBD242B6A274556EFBFBD21D28FEFBFBD6C11EFBFBD64C5B2EFBFBD30EFBFBD21EFBFBDEFBFBDEFBFBDEFBFBDEFBFBDEFBFBD2C7018EFBFBD3932EFBFBDEFBFBD5C517346EFBFBDEFBFBDEFBFBD68336834EFBFBD49EFBFBDEFBFBD0439EFBFBD1538EFBFBD52EFBFBD16135A0B19EFBFBDEFBFBDEFBFBDEFBFBD6AEFBFBD5A0EEFBFBDEFBFBD0E5CEFBFBD1D1D47EFBFBD1C59714053EFBFBD4C4955EFBFBD4BEFBFBD56EFBFBDEFBFBDEFBFBDEFBFBDEFBFBD2E1CEFBFBD2373EFBFBD25EFBFBD5223EFBFBDEFBFBDEFBFBD11EFBFBDEFBFBDEFBFBD5806EFBFBD4E1100003B','This is sample text data for Algodata Infosystems, publisher 1389 in the pubs database. Algodata Infosystems is located in Berkeley, California.\r\n\r\nThis is sample text data for Algodata Infosystems, publisher 1389 in the pubs database. Algodata Infosystems is located in Berkeley, California.\r\n\r\nThis is sample text data for Algodata Infosystems, publisher 1389 in the pubs database. Algodata Infosystems is located in Berkeley, California.\r\n\r\nThis is sample text data for Algodata Infosystems, publisher 1389 in the pubs database. Algodata Infosystems is located in Berkeley, California.\r\n\r\nThis is sample text data for Algodata Infosystems, publisher 1389 in the pubs database. Algodata Infosystems is located in Berkeley, California.\r\n\r\nThis is sample text data for Algodata Infosystems, publisher 1389 in the pubs database. Algodata Infosystems is located in Berkeley, California.\r\n\r\nThis is sample text data for Algodata Infosystems, publisher 1389 in the pubs database. Algodata Infosystems is located in Berkeley, California.\r\n\r\nThis is sample text data for Algodata Infosystems, publisher 1389 in the pubs database. Algodata Infosystems is located in Berkeley, California.\r\n\r\nThis is sample text data for Algodata Infosystems, publisher 1389 in the pubs database. Algodata Infosystems is located in Berkeley, California.\r\n\r\nThis is sample text data for Algodata Infosystems, publisher 1389 in the pubs database. Algodata Infosystems is located in Berkeley, California.'),
	('1622',X'474946383961EFBFBD003400EFBFBD0F00000000EFBFBD000000EFBFBD00EFBFBDEFBFBD000000EFBFBDEFBFBD00EFBFBD00EFBFBDEFBFBDEFBFBDEFBFBDEFBFBDEFBFBDEFBFBDEFBFBDEFBFBD000000EFBFBD00EFBFBDEFBFBD000000EFBFBDEFBFBD00EFBFBD00EFBFBDEFBFBDEFBFBDEFBFBDEFBFBD21EFBFBD040100000F002C00000000EFBFBD0034004004EFBFBDEFBFBDEFBFBD49EFBFBDEFBFBD38EFBFBDCDBBEFBFBD6028EFBFBD64EFBFBD0166EFBFBD016CEBBEB02AEFBFBD746D67EFBFBD2DC2ACEFBFBDEFBFBDEFBFBDEFBFBD29EFBFBDEFBFBD1027EFBFBD21EFBFBD2569EFBFBDEFBFBD42230E04EFBFBD3EEFBFBDEFBFBD5373EFBFBDEFBFBD4179EFBFBD6B574C26637BEFBFBDEFBFBD1EEFBFBDEFBFBDEFBFBD2CEFBFBD5CEFBFBD2731EFBFBD7918EFBFBDEFBFBDEFBFBDEFBFBD61EFBFBDEFBFBD7F697F5F6E6C7AEFBFBD6D62EFBFBD6AEFBFBD7A79EFBFBDEFBFBD7E31524D70EFBFBD72EFBFBD15EFBFBDEFBFBD56EFBFBDEFBFBDEFBFBD44777C6575EFBFBD63EFBFBDEFBFBDEFBFBD7DEFBFBD4CEFBFBD334BEFBFBDEFBFBD51EFBFBDEFBFBDEFBFBD3AEFBFBDEFBFBDEFBFBD1EEFBFBDEFBFBDEFBFBDEFBFBDEFBFBD51EFBFBDEFBFBD4BEFBFBDEFBFBDEFBFBDEFBFBDEFBFBDC4BFEFBFBDEFBFBDEFBFBDEFBFBD35EFBFBDEFBFBD6B2E3BEFBFBDEFBFBD55EFBFBD1CDB8F6921DEB8D48AEFBFBDEFBFBDEFBFBD6046EFBFBDEFBFBDDC82EFBFBDEFBFBDEFBFBDE9988878D9AAEFBFBDEFBFBD75EFBFBD6DEFBFBDEFBFBDEFBFBD5CEFBFBD43EFBFBDEFBFBD3175EFBFBDEFBFBD295C48625F3BEFBFBD10234A0C17EFBFBD59C28918EFBFBD15EFBFBD7531EFBFBDC7891BEFBFBDEFBFBD59EFBFBD4812634820EFBFBD4AEFBFBDEFBFBDEFBFBD2EEFBFBD0DEFBFBDEFBFBD3EEFBFBD1359EFBFBDEFBFBD3D7C0D6F12CB8710EFBFBD7536EFBFBDEFBFBD3C45EFBFBDEFBFBD50EFBFBDEFBFBD7CEFBFBD4CEFBFBD65EFBFBD254DEFBFBD48EFBFBD52EFBFBD06EFBFBD3C2450EFBFBD62EFBFBDEFBFBD4FEFBFBDEFBFBD58EFBFBD04EFBFBDCBB7EFBFBDEFBFBD2A5364EFBFBDEFBFBDEFBFBD44EFBFBD275240EFBFBD60EFBFBDEFBFBD39105EEFBFBD3C2DEFBFBD2E52EFBFBDEFBFBD11EFBFBDEFBFBDEFBFBD060956EFBFBD137059EFBFBD76EFBFBD3E74EFBFBDEFBFBD6CCCA77207EFBFBD6BEFBFBDEFBFBDEFBFBDDEA3EFBFBDEFBFBD01EFBFBDEFBFBDEFBFBD71EFBFBD5569EFBFBD7E25EFBFBD58EFBFBDEFBFBD572E57EFBFBDEFBFBD59EFBFBDEFBFBD0AEFBFBDEFBFBD56EFBFBD36560F730967EFBFBD737B74EFBFBDEFBFBDEFBFBDEFBFBDDABFEFBFBD0BEFBFBD0B11EFBFBDEFBFBDEFBFBDEFBFBD2F31345E33EFBFBDEFBFBDC698EFBFBD7D4EEFBFBD77EFBFBDEFBFBDD4B313D7985AEFBFBD77EFBFBDC9B07F1F0F3EEFBFBD71EFBFBDEFBFBDEFBFBD56EB98BEEFBFBD7559306FEFBFBD2C69EFBFBDEFBFBD74EFBFBDEFBFBDDDA403EFBFBD1753EFBFBDEFBFBDEFBFBD20EFBFBDEFBFBD7D463D5316EFBFBDEFBFBD18EFBFBDEFBFBD104E4506EFBFBD7C742D58EFBFBD7B29EFBFBD5454EFBFBD1B381420635135EFBFBDEFBFBD38EFBFBDEFBFBD612FEFBFBD6DEFBFBDD984EFBFBD3D2820EFBFBD7DEFBFBDEFBFBD1523EFBFBDEFBFBD61EFBFBD7DEFBFBDEFBFBDEFBFBDEFBFBD2E31EFBFBDEFBFBD176856EFBFBDEFBFBD487DEFBFBDEFBFBDEFBFBDEFBFBD11401AEFBFBD44EFBFBDEFBFBD1074EFBFBD7EEFBFBD6935EFBFBDEFBFBDE8A88713EFBFBDEFBFBD0C28EFBFBD163639EFBFBD50EFBFBDEFBFBDEFBFBD5E315DEFBFBD79255C2C6AEFBFBDEFBFBDEFBFBDEFBFBDEFBFBDEFBFBDEFBFBD1C5BEFBFBDEFBFBD66693359EFBFBDCA89EFBFBDEFBFBDEFBFBD59EFBFBD1D76EFBFBDEFBFBD607B6E410EEFBFBD57EFBFBDEFBFBD196A52EFBFBDEFBFBD6636EFBFBD08EFBFBD51EFBFBD5E1EDA874368EFBFBD06DA9D53EFBFBDEFBFBD67EFBFBDEFBFBD56EFBFBD62EFBFBDEFBFBD7813EFBFBDEFBFBD264E62EFBFBD4E25EFBFBD49EFBFBDEFBFBD5469695840EFBFBD11EFBFBD2763EFBFBDEFBFBDEFBFBD4E77EFBFBD553AEFBFBDEFBFBDEFBFBD5C68EFBFBD7D2A7919EFBFBDEFBFBDEFBFBD3329EFBFBD6F0D7969EFBFBDEFBFBD0DEFBFBD68EFBFBDEFBFBD11EFBFBD6C3FEFBFBD38EFBFBDD89CEFBFBD12EFBFBD35EFBFBD45EFBFBD132D69EFBFBDEFBFBD684725EFBFBD0546C3B40875D79E70EFBFBDEFBFBD7AEFBFBD74E69E8BEFBFBDEFBFBD1FEFBFBDEFBFBD2EEFBFBDEFBFBD3AEFBFBDEFBFBDEFBFBD15365BEFBE83EFBFBDEFBFBD6F351100003B','This is sample text data for Five Lakes Publishing, publisher 1622 in the pubs database. Five Lakes Publishing is located in Chicago, Illinois.\r\n\r\nThis is sample text data for Five Lakes Publishing, publisher 1622 in the pubs database. Five Lakes Publishing is located in Chicago, Illinois.\r\n\r\nThis is sample text data for Five Lakes Publishing, publisher 1622 in the pubs database. Five Lakes Publishing is located in Chicago, Illinois.\r\n\r\nThis is sample text data for Five Lakes Publishing, publisher 1622 in the pubs database. Five Lakes Publishing is located in Chicago, Illinois.\r\n\r\nThis is sample text data for Five Lakes Publishing, publisher 1622 in the pubs database. Five Lakes Publishing is located in Chicago, Illinois.\r\n\r\nThis is sample text data for Five Lakes Publishing, publisher 1622 in the pubs database. Five Lakes Publishing is located in Chicago, Illinois.\r\n\r\nThis is sample text data for Five Lakes Publishing, publisher 1622 in the pubs database. Five Lakes Publishing is located in Chicago, Illinois.\r\n\r\nThis is sample text data for Five Lakes Publishing, publisher 1622 in the pubs database. Five Lakes Publishing is located in Chicago, Illinois.\r\n\r\nThis is sample text data for Five Lakes Publishing, publisher 1622 in the pubs database. Five Lakes Publishing is located in Chicago, Illinois.\r\n\r\nThis is sample text data for Five Lakes Publishing, publisher 1622 in the pubs database. Five Lakes Publishing is located in Chicago, Illinois.\r\n\r\nThis is sample text data for Five Lakes Publishing, publisher 1622 in the pubs database. Five Lakes Publishing is located in Chicago, Illinois.\r\n\r\nThis is sample text data for Five Lakes Publishing, publisher 1622 in the pubs database. Five Lakes Publishing is located in Chicago, Illinois.\r\n\r\nThis is sample text data for Five Lakes Publishing, publisher 1622 in the pubs database. Five Lakes Publishing is located in Chicago, Illinois.\r\n\r\nThis is sample text data for Five Lakes Publishing, publisher 1622 in the pubs database. Five Lakes Publishing is located in Chicago, Illinois.\r\n\r\nThis is sample text data for Five Lakes Publishing, publisher 1622 in the pubs database. Five Lakes Publishing is located in Chicago, Illinois.\r\n\r\nThis is sample text data for Five Lakes Publishing, publisher 1622 in the pubs database. Five Lakes Publishing is located in Chicago, Illinois.\r\n\r\nThis is sample text data for Five Lakes Publishing, publisher 1622 in the pubs database. Five Lakes Publishing is located in Chicago, Illinois.\r\n\r\nThis is sample text data for Five Lakes Publishing, publisher 1622 in the pubs database. Five Lakes Publishing is located in Chicago, Illinois.\r\n\r\nThis is sample text data for Five Lakes Publishing, publisher 1622 in the pubs database. Five Lakes Publishing is located in Chicago, Illinois.\r\n\r\nThis is sample text data for Five Lakes Publishing, publisher 1622 in the pubs database. Five Lakes Publishing is located in Chicago, Illinois.\r\n\r\nThis is sample text data for Five Lakes Publishing, publisher 1622 in the pubs database. Five Lakes Publishing is located in Chicago, Illinois.\r\n\r\nThis is sample text data for Five Lakes Publishing, publisher 1622 in the pubs database. Five Lakes Publishing is located in Chicago, Illinois.\r\n\r\nThis is sample text data for Five Lakes Publishing, publisher 1622 in the pubs database. Five Lakes Publishing is located in Chicago, Illinois.\r\n\r\nThis is sample text data for Five Lakes Publishing, publisher 1622 in the pubs database. Five Lakes Publishing is located in Chicago, Illinois.\r\n\r\nThis is sample text data for Five Lakes Publishing, publisher 1622 in the pubs database. Five Lakes Publishing is located in Chicago, Illinois.\r\n\r\nThis is sample text data for Five Lakes Publishing, publisher 1622 in the pubs database. Five Lakes Publishing is located in Chicago, Illinois.\r\n\r\nThis is sample text data for Five Lakes Publishing, publisher 1622 in the pubs database. Five Lakes Publishing is located in Chicago, Illinois.\r\n\r\nThis is sample text data for Five Lakes Publishing, publisher 1622 in the pubs database. Five Lakes Publishing is located in Chicago, Illinois.\r\n\r\nThis is sample text data for Five Lakes Publishing, publisher 1622 in the pubs database. Five Lakes Publishing is located in Chicago, Illinois.\r\n\r\nThis is sample text data for Five Lakes Publishing, publisher 1622 in the pubs database. Five Lakes Publishing is located in Chicago, Illinois.\r\n\r\nThis is sample text data for Five Lakes Publishing, publisher 1622 in the pubs database. Five Lakes Publishing is located in Chicago, Illinois.\r\n\r\nThis is sample text data for Five Lakes Publishing, publisher 1622 in the pubs database. Five Lakes Publishing is located in Chicago, Illinois.\r\n\r\nThis is sample text data for Five Lakes Publishing, publisher 1622 in the pubs database. Five Lakes Publishing is located in Chicago, Illinois.\r\n\r\nThis is sample text data for Five Lakes Publishing, publisher 1622 in the pubs database. Five Lakes Publishing is located in Chicago, Illinois.\r\n\r\nThis is sample text data for Five Lakes Publishing, publisher 1622 in the pubs database. Five Lakes Publishing is located in Chicago, Illinois.\r\n\r\nThis is sample text data for Five Lakes Publishing, publisher 1622 in the pubs database. Five Lakes Publishing is located in Chicago, Illinois.\r\n\r\nThis is sample text data for Five Lakes Publishing, publisher 1622 in the pubs database. Five Lakes Publishing is located in Chicago, Illinois.\r\n\r\nThis is sample text data for Five Lakes Publishing, publisher 1622 in the pubs database. Five Lakes Publishing is located in Chicago, Illinois.\r\n\r\nThis is sample text data for Five Lakes Publishing, publisher 1622 in the pubs database. Five Lakes Publishing is located in Chicago, Illinois.\r\n\r\nThis is sample text data for Five Lakes Publishing, publisher 1622 in the pubs database. Five Lakes Publishing is located in Chicago, Illinois.\r\n\r\nThis is sample text data for Five Lakes Publishing, publisher 1622 in the pubs database. Five Lakes Publishing is located in Chicago, Illinois.\r\n\r\nThis is sample text data for Five Lakes Publishing, publisher 1622 in the pubs database. Five Lakes Publishing is located in Chicago, Illinois.\r\n\r\nThis is sample text data for Five Lakes Publishing, publisher 1622 in the pubs database. Five Lakes Publishing is located in Chicago, Illinois.\r\n\r\nThis is sample text data for Five Lakes Publishing, publisher 1622 in the pubs database. Five Lakes Publishing is located in Chicago, Illinois.\r\n\r\nThis is sample text data for Five Lakes Publishing, publisher 1622 in the pubs database. Five Lakes Publishing is located in Chicago, Illinois.\r\n\r\nThis is sample text data for Five Lakes Publishing, publisher 1622 in the pubs database. Five Lakes Publishing is located in Chicago, Illinois.\r\n\r\nThis is sample text data for Five Lakes Publishing, publisher 1622 in the pubs database. Five Lakes Publishing is located in Chicago, Illinois.\r\n\r\nThis is sample text data for Five Lakes Publishing, publisher 1622 in the pubs database. Five Lakes Publishing is located in Chicago, Illinois.\r\n\r\nThis is sample text data for Five Lakes Publishing, publisher 1622 in the pubs database. Five Lakes Publishing is located in Chicago, Illinois.\r\n\r\nThis is sample text data for Five Lakes Publishing, publisher 1622 in the pubs database. Five Lakes Publishing is located in Chicago, Illinois.\r\n\r\nThis is sample text data for Five Lakes Publishing, publisher 1622 in the pubs database. Five Lakes Publishing is located in Chicago, Illinois.\r\n\r\nThis is sample text data for Five Lakes Publishing, publisher 1622 in the pubs database. Five Lakes Publishing is located in Chicago, Illinois.\r\n\r\nThis is sample text data for Five Lakes Publishing, publisher 1622 in the pubs database. Five Lakes Publishing is located in Chicago, Illinois.\r\n\r\nThis is sample text data for Five Lakes Publishing, publisher 1622 in the pubs database. Five Lakes Publishing is located in Chicago, Illinois.\r\n\r\nThis is sample text data for Five Lakes Publishing, publisher 1622 in the pubs database. Five Lakes Publishing is located in Chicago, Illinois.\r\n\r\nThis is sample text data for Five Lakes Publishing, publisher 1622 in the pubs database. Five Lakes Publishing is located in Chicago, Illinois.\r\n\r\nThis is sample text data for Five Lakes Publishing, publisher 1622 in the pubs database. Five Lakes Publishing is located in Chicago, Illinois.\r\n\r\nThis is sample text data for Five Lakes Publishing, publisher 1622 in the pubs database. Five Lakes Publishing is located in Chicago, Illinois.\r\n\r\nThis is sample text data for Five Lakes Publishing, publisher 1622 in the pubs database. Five Lakes Publishing is located in Chicago, Illinois.\r\n\r\nThis is sample text data for Five Lakes Publishing, publisher 1622 in the pubs database. Five Lakes Publishing is located in Chicago, Illinois.\r\n\r\nThis is sample text data for Five Lakes Publishing, publisher 1622 in the pubs database. Five Lakes Publishing is located in Chicago, Illinois.\r\n\r\nThis is sample text data for Five Lakes Publishing, publisher 1622 in the pubs database. Five Lakes Publishing is located in Chicago, Illinois.\r\n\r\nThis is sample text data for Five Lakes Publishing, publisher 1622 in the pubs database. Five Lakes Publishing is located in Chicago, Illinois.\r\n\r\nThis is sample text data for Five Lakes Publishing, publisher 1622 in the pubs database. Five Lakes Publishing is located in Chicago, Illinois.\r\n\r\nThis is sample text data for Five Lakes Publishing, publisher 1622 in the pubs database. Five Lakes Publishing is located in Chicago, Illinois.\r\n\r\nThis is sample text data for Five Lakes Publishing, publisher 1622 in the pubs database. Five Lakes Publishing is located in Chicago, Illinois.\r\n\r\nThis is sample text data for Five Lakes Publishing, publisher 1622 in the pubs database. Five Lakes Publishing is located in Chicago, Illinois.\r\n\r\nThis is sample text data for Five Lakes Publishing, publisher 1622 in the pubs database. Five Lakes Publishing is located in Chicago, Illinois.\r\n\r\nThis is sample text data for Five Lakes Publishing, publisher 1622 in the pubs database. Five Lakes Publishing is located in Chicago, Illinois.\r\n\r\nThis is sample text data for Five Lakes Publishing, publisher 1622 in the pubs database. Five Lakes Publishing is located in Chicago, Illinois.\r\n\r\nThis is sample text data for Five Lakes Publishing, publisher 1622 in the pubs database. Five Lakes Publishing is located in Chicago, Illinois.\r\n\r\nThis is sample text data for Five Lakes Publishing, publisher 1622 in the pubs database. Five Lakes Publishing is located in Chicago, Illinois.\r\n\r\nThis is sample text data for Five Lakes Publishing, publisher 1622 in the pubs database. Five Lakes Publishing is located in Chicago, Illinois.\r\n\r\nThis is sample text data for Five Lakes Publishing, publisher 1622 in the pubs database. Five Lakes Publishing is located in Chicago, Illinois.\r\n\r\nThis is sample text data for Five Lakes Publishing, publisher 1622 in the pubs database. Five Lakes Publishing is located in Chicago, Illinois.\r\n\r\nThis is sample text data for Five Lakes Publishing, publisher 1622 in the pubs database. Five Lakes Publishing is located in Chicago, Illinois.\r\n\r\nThis is sample text data for Five Lakes Publishing, publisher 1622 in the pubs database. Five Lakes Publishing is located in Chicago, Illinois.\r\n\r\nThis is sample text data for Five Lakes Publishing, publisher 1622 in the pubs database. Five Lakes Publishing is located in Chicago, Illinois.\r\n\r\nThis is sample text data for Five Lakes Publishing, publisher 1622 in the pubs database. Five Lakes Publishing is located in Chicago, Illinois.\r\n\r\nThis is sample text data for Five Lakes Publishing, publisher 1622 in the pubs database. Five Lakes Publishing is located in Chicago, Illinois.\r\n\r\nThis is sample text data for Five Lakes Publishing, publisher 1622 in the pubs database. Five Lakes Publishing is located in Chicago, Illinois.\r\n\r\nThis is sample text data for Five Lakes Publishing, publisher 1622 in the pubs database. Five Lakes Publishing is located in Chicago, Illinois.\r\n\r\nThis is sample text data for Five Lakes Publishing, publisher 1622 in the pubs database. Five Lakes Publishing is located in Chicago, Illinois.\r\n\r\nThis is sample text data for Five Lakes Publishing, publisher 1622 in the pubs database. Five Lakes Publishing is located in Chicago, Illinois.\r\n\r\nThis is sample text data for Five Lakes Publishing, publisher 1622 in the pubs database. Five Lakes Publishing is located in Chicago, Illinois.\r\n\r\nThis is sample text data for Five Lakes Publishing, publisher 1622 in the pubs database. Five Lakes Publishing is located in Chicago, Illinois.\r\n\r\nThis is sample text data for Five Lakes Publishing, publisher 1622 in the pubs database. Five Lakes Publishing is located in Chicago, Illinois.\r\n\r\nThis is sample text data for Five Lakes Publishing, publisher 1622 in the pubs database. Five Lakes Publishing is located in Chicago, Illinois.\r\n\r\nThis is sample text data for Five Lakes Publishing, publisher 1622 in the pubs database. Five Lakes Publishing is located in Chicago, Illinois.\r\n\r\nThis is sample text data for Five Lakes Publishing, publisher 1622 in the pubs database. Five Lakes Publishing is located in Chicago, Illinois.\r\n\r\nThis is sample text data for Five Lakes Publishing, publisher 1622 in the pubs database. Five Lakes Publishing is located in Chicago, Illinois.\r\n\r\nThis is sample text data for Five Lakes Publishing, publisher 1622 in the pubs database. Five Lakes Publishing is located in Chicago, Illinois.\r\n\r\nThis is sample text data for Five Lakes Publishing, publisher 1622 in the pubs database. Five Lakes Publishing is located in Chicago, Illinois.\r\n\r\nThis is sample text data for Five Lakes Publishing, publisher 1622 in the pubs database. Five Lakes Publishing is located in Chicago, Illinois.\r\n\r\nThis is sample text data for Five Lakes Publishing, publisher 1622 in the pubs database. Five Lakes Publishing is located in Chicago, Illinois.\r\n\r\nThis is sample text data for Five Lakes Publishing, publisher 1622 in the pubs database. Five Lakes Publishing is located in Chicago, Illinois.\r\n\r\nThis is sample text data for Five Lakes Publishing, publisher 1622 in the pubs database. Five Lakes Publishing is located in Chicago, Illinois.\r\n\r\nThis is sample text data for Five Lakes Publishing, publisher 1622 in the pubs database. Five Lakes Publishing is located in Chicago, Illinois.\r\n\r\nThis is sample text data for Five Lakes Publishing, publisher 1622 in the pubs database. Five Lakes Publishing is located in Chicago, Illinois.\r\n\r\nThis is sample text data for Five Lakes Publishing, publisher 1622 in the pubs database. Five Lakes Publishing is located in Chicago, Illinois.\r\n\r\nThis is sample text data for Five Lakes Publishing, publisher 1622 in the pubs database. Five Lakes Publishing is located in Chicago, Illinois.\r\n\r\nThis is sample text data for Five Lakes Publishing, publisher 1622 in the pubs database. Five Lakes Publishing is located in Chicago, Illinois.\r\n\r\nThis is sample text data for Five Lakes Publishing, publisher 1622 in the pubs database. Five Lakes Publishing is located in Chicago, Illinois.\r\n\r\nThis is sample text data for Five Lakes Publishing, publisher 1622 in the pubs database. Five Lakes Publishing is located in Chicago, Illinois.\r\n\r\nThis is sample text data for Five Lakes Publishing, publisher 1622 in the pubs database. Five Lakes Publishing is located in Chicago, Illinois.\r\n\r\nThis is sample text data for Five Lakes Publishing, publisher 1622 in the pubs database. Five Lakes Publishing is located in Chicago, Illinois.\r\n\r\nThis is sample text data for Five Lakes Publishing, publisher 1622 in the pubs database. Five Lakes Publishing is located in Chicago, Illinois.\r\n\r\nThis is sample text data for Five Lakes Publishing, publisher 1622 in the pubs database. Five Lakes Publishing is located in Chicago, Illinois.\r\n\r\nThis is sample text data for Five Lakes Publishing, publisher 1622 in the pubs database. Five Lakes Publishing is located in Chicago, Illinois.\r\n\r\nThis is sample text data for Five Lakes Publishing, publisher 1622 in the pubs database. Five Lakes Publishing is located in Chicago, Illinois.\r\n\r\nThis is sample text data for Five Lakes Publishing, publisher 1622 in the pubs database. Five Lakes Publishing is located in Chicago, Illinois.\r\n\r\nThis is sample text data for Five Lakes Publishing, publisher 1622 in the pubs database. Five Lakes Publishing is located in Chicago, Illinois.\r\n\r\nThis is sample text data for Five Lakes Publishing, publisher 1622 in the pubs database. Five Lakes Publishing is located in Chicago, Illinois.\r\n\r\nThis is sample text data for Five Lakes Publishing, publisher 1622 in the pubs database. Five Lakes Publishing is located in Chicago, Illinois.\r\n\r\nThis is sample text data for Five Lakes Publishing, publisher 1622 in the pubs database. Five Lakes Publishing is located in Chicago, Illinois.\r\n\r\nThis is sample text data for Five Lakes Publishing, publisher 1622 in the pubs database. Five Lakes Publishing is located in Chicago, Illinois.\r\n\r\nThis is sample text data for Five Lakes Publishing, publisher 1622 in the pubs database. Five Lakes Publishing is located in Chicago, Illinois.\r\n\r\nThis is sample text data for Five Lakes Publishing, publisher 1622 in the pubs database. Five Lakes Publishing is located in Chicago, Illinois.\r\n\r\nThis is sample text data for Five Lakes Publishing, publisher 1622 in the pubs database. Five Lakes Publishing is located in Chicago, Illinois.\r\n\r\nThis is sample text data for Five Lakes Publishing, publisher 1622 in the pubs database. Five Lakes Publishing is located in Chicago, Illinois.\r\n\r\nThis is sample text data for Five Lakes Publishing, publisher 1622 in the pubs database. Five Lakes Publishing is located in Chicago, Illinois.\r\n\r\nThis is sample text data for Five Lakes Publishing, publisher 1622 in the pubs database. Five Lakes Publishing is located in Chicago, Illinois.\r\n\r\nThis is sample text data for Five Lakes Publishing, publisher 1622 in the pubs database. Five Lakes Publishing is located in Chicago, Illinois.\r\n\r\nThis is sample text data for Five Lakes Publishing, publisher 1622 in the pubs database. Five Lakes Publishing is located in Chicago, Illinois.\r\n\r\nThis is sample text data for Five Lakes Publishing, publisher 1622 in the pubs database. Five Lakes Publishing is located in Chicago, Illinois.\r\n\r\nThis is sample text data for Five Lakes Publishing, publisher 1622 in the pubs database. Five Lakes Publishing is located in Chicago, Illinois.'),
	('1756',X'474946383961EFBFBD002500EFBFBD0F00000000EFBFBD000000EFBFBD00EFBFBDEFBFBD000000EFBFBDEFBFBD00EFBFBD00EFBFBDEFBFBDEFBFBDEFBFBDEFBFBDEFBFBDEFBFBDEFBFBDEFBFBD000000EFBFBD00EFBFBDEFBFBD000000EFBFBDEFBFBD00EFBFBD00EFBFBDEFBFBDEFBFBDEFBFBDEFBFBD21EFBFBD040100000F002C00000000EFBFBD0025004004EFBFBDEFBFBDEFBFBD49EFBFBDEFBFBD38EFBFBDCDBBEFBFBD6028EFBFBD240858EFBFBD05EFBFBDEFBFBDEFBFBD4E6E0CEFBFBD324DEFBFBDEFBFBDDBBAEFBFBDE1AC87EFBFBDE7ABBDEFBFBD476452EFBFBD6336EFBFBD2F28EFBFBDEFBFBD3A595B404DEFBFBD7834EFBFBD7A5FEFBFBD37EFBFBDEFBFBD517D4EEFBFBD4E5CEFBFBD06EFBFBD66361A5EEFBFBDEFBFBDEFBFBDDCA5EFBFBD54EFBFBDEFBFBDEFBFBD2D4230EFBFBDEFBFBD7FEFBFBDEFBFBDEFBFBDEFBFBDEFBFBDEFBFBDEFBFBDEFBFBD54EFBFBD7BEFBFBDEFBFBDEFBFBDEFBFBDEFBFBDEFBFBD7EEFBFBDEFBFBD7DEFBFBDEFBFBDEFBFBDEFBFBDEFBFBDEFBFBD7C18EFBFBD6FEFBFBDEFBFBDEFBFBD5A7B22EFBFBDEFBFBD37EFBFBD1DEFBFBDEFBFBDEFBFBDEFBFBD1940EFBFBDEFBFBDEFBFBDEFBFBD53727AEFBFBDEFBFBD4E76676A37EFBFBDEFBFBDEFBFBD2A564D6BEFBFBD776E635BEFBFBD6DEFBFBDEFBFBDEFBFBDEFBFBD73716879EFBFBD746C6053EFBFBD76EFBFBDDAB3EFBFBD33EFBFBDD5B2EFBFBDEFBFBDEFBFBDEFBFBDEFBFBDEFBFBDEFBFBD6FEFBFBDEFBFBD35EF9E97EFBFBDEFBFBDEFBFBDEFBFBD28EFBFBDEFBFBDEFBFBDEFBFBD69EFBFBD1C1BEFBFBDEFBFBD1E3E63084DEFBFBD2BEFBFBD0FEFBFBD407D05EFBFBDE59298EFBFBDEFBFBDC58B18337AEFBFBDE88DA346EFBFBDEFBFBDEFBFBDEFBFBD6921EFBFBDEFBFBDEFBFBD2F5F2271EFBFBD52162DEFBFBD47EFBFBDCEB0EFBFBDEFBFBDEFBFBDEFBFBDEFBFBD2AEFBFBD2F1FEFBFBD03EFBFBDEFBFBD484B6EEFBFBD7674194AEFBFBD63EFBFBD79424B4EEFBFBD3627EFBFBD4D3852EFBFBD10EFBFBD266743EFBFBD5138EFBFBD20EFBFBDEFBFBD6D5CEFBFBD6DEFBFBDEFBFBD644DEFBFBD51EFBFBDCF804BEFBFBD32421A562DEFBFBDEFBFBD5F25EFBFBDEFBFBD11EFBFBD56EFBFBD7BEFBFBD36EFBFBD03EFBFBD2A1D4A3D024769EFBFBDEFBFBD77EFBFBDEFBFBD78EFBFBDEFBFBD1A0E022EEFBFBDEFBFBDEFBFBDEFBFBDEFBFBDEFBFBD6527597223C4917502EFBFBDEFBFBDEFBFBDEFBFBDEFBFBDC49F0B6FEFBFBD0751EFBFBDEFBFBD74EFBFBD3EEFBFBDEFBFBD6B70EFBFBD62EFBFBDEFBFBD5873EFBFBDEFBFBD5936EFBFBD7EEFBFBD43EFBFBD26043BEFBFBDEFBFBDEFBFBD394F35EFBFBDEFBFBD70EFBFBDED8DA60DEFBFBD001EEFBFBDEFBFBDEFBFBDEFBFBD2FEFBFBD43EFBFBD0E7DEFBFBD72EFBFBDEFBFBDEFBFBDD9924EEFBFBDEFBFBD1A65566BEFBFBDEFBFBD510C7CEFBFBD58DBB777EFBFBD7834EFBFBD756E6CEFBFBDEFBFBD14EFBFBD5E5429EFBFBD3CEFBFBDEFBFBDEFBFBDEFBFBDEFBFBD1CEFBFBD6928604710EFBFBD544AEFBFBDC79717EFBFBD0CEFBFBD5157EFBFBDEFBFBDEFBFBD5F7EEFBFBDEFBFBDEFBFBDEFBFBD5C5EEFBFBD674E5BEFBFBDEFBFBD65EFBFBD1BEFBFBD45EFBFBDEFBFBD2D5EEFBFBDEFBFBD14EFBFBD516568EFBFBD5D12EFBFBD255F635EEFBFBD45EFBFBD520F3E15EFBFBD79EFBFBDEFBFBDC5A0EFBFBD05EFBFBD52EFBFBD4C05255778EFBFBDEFBFBDC4A2EFBFBDCCB4EFBFBD4D1D41EFBFBD08CD913C566564EFBFBDEFBFBDEFBFBDEFBFBDEFBFBD71EFBFBD74553C19EFBFBDEFBFBD24573C3669237C5855EFBFBDEFBFBD2D1AEFBFBD04EFBFBDEFBFBD52164865EFBFBD56CD83445D27EFBFBDEFBFBDD68501EFBFBD580E3174EFBFBDD494EFBFBD0E3EEFBFBDEFBFBDEFBFBD257CEFBFBDEFBFBD0AEFBFBDEFBFBDEFBFBD1255EFBFBD34EFBFBD6AEFBFBDEFBFBDEFBFBD64EFBFBD31EFBFBD5262EFBFBD1DEFBFBD0FEFBFBDEFBFBD5DEFBFBD487AEFBFBD79EFBFBD5C6AEFBFBDEFBFBD06EFBFBD6CCA9DEFBFBD4FEFBFBDEFBFBD56EFBFBDD8A4EFBFBD3DEFBFBD6A59EFBFBDEFBFBD5450EFBFBD0AEFBFBD4AEFBFBD6DEFBFBDEFBFBDEFBFBDEFBFBD3CEFBFBDEFBFBD76D0ABEFBFBDEFBFBD0AEFBFBDEFBFBDEFBFBD6246C2ABEFBFBDEFBFBDEFBFBD1B43EFBFBD22EFBFBDEFBFBD58EFBFBDEFBFBD1E071AEFBFBDD1BE366DEFBFBDC9AEEFBFBDDCA4EFBFBDEFBFBD466BEFBFBDEFBFBDEFBFBDEFBFBD1DEFBFBD0D1146EEB3BBEFBFBD7AEFBFBD40EFBFBDEFBFBDEFBFBDDBB2EFBFBD72EFBFBD6EEFBFBD66EFBFBD6D7176EFBFBD5B2B1FEFBFBDEFBFBD5B11EFBFBDEFBFBDEFBFBDEFBFBDEFBFBD3AEFBFBD0AEFBFBDEFBFBDEFBFBDEFBFBD263C1DEFBFBDEFBFBDEFBFBDEFBFBDEFBFBDEFBFBD10472C310A1100003B','This is sample text data for Ramona Publishers, publisher 1756 in the pubs database. Ramona Publishers is located in Dallas, Texas.'),
	('9901',X'4749463839615D002200EFBFBD0F00000000EFBFBD000000EFBFBD00EFBFBDEFBFBD000000EFBFBDEFBFBD00EFBFBD00EFBFBDEFBFBDEFBFBDEFBFBDEFBFBDEFBFBDEFBFBDEFBFBDEFBFBD000000EFBFBD00EFBFBDEFBFBD000000EFBFBDEFBFBD00EFBFBD00EFBFBDEFBFBDEFBFBDEFBFBDEFBFBD21EFBFBD040100000F002C000000005D0022004004EFBFBDEFBFBDEFBFBD49EFBFBDEFBFBD38EFBFBDEFBFBDEFBFBD03EFBFBD07EFBFBD24EFBFBDEFBFBDEFBFBDEFBFBDEFBFBD68EFBFBDEFBFBD6E0AEFBFBD623AEFBFBD1BEFBFBDEFBFBD5DEFBFBDEFBFBDEFBFBDEFBFBD366BEFBFBD782C5332563AEFBFBD4245EFBFBD744AEFBFBD5AEFBFBD4D2276EFBFBDEFBFBD5EEFBFBDEFBFBD26EFBFBD28EFBFBD30EFBFBD38EFBFBDEFBFBD2721D78CEFBFBD77252674EFBFBDEFBFBD611EEFBFBDEFBFBDEFBFBDEFBFBD5EEFBFBDEFBFBDEFBFBD604A1EEFBFBDEFBFBDEFBFBDEFBFBD73EFBFBDEFBFBDEFBFBDEFBFBD55EFBFBD6F6C2C1DEFBFBD392F6BEFBFBD3070EFBFBD6C5477673758EFBFBDEFBFBD5EEFBFBD627EEFBFBD754E1736EFBFBDEFBFBDEFBFBD75EFBFBDEFBFBD68EFBFBDEFBFBDEFBFBDEFBFBD7BEFBFBD6865EFBFBD734FEFBFBDEFBFBDEFBFBD7DEFBFBD76EFBFBD5BEFBFBD67C290EFBFBDEFBFBD4379EFBFBDEFBFBDCE9EEFBFBDD6A7EFBFBDEFBFBDDAA4EFBFBDC79341C8B9EFBFBD5FEFBFBD52EFBFBDDEBAEFBFBDEFBFBDEFBFBD767BEFBFBD7FD5B8EFBFBDEFBFBD3EEFBFBDEFBFBD706BEFBFBDEFBFBDEFBFBD5AEFBFBDEFBFBDEFBFBDEFBFBD48EFBFBDEFBFBDEFBFBD251BEFBFBD62530EEFBFBDEFBFBD63EFBFBD5B35EFBFBDEFBFBDD4951312EFBFBD17EFBFBD25EFBFBD3EEFBFBDD38709D79DEFBFBD0D393BEFBFBD0A52EFBFBDEFBFBD704AEFBFBDEFBFBDEFBFBD082E583CEFBFBDEFBFBD2C2D720753EFBFBDC89226EFBFBDEFBFBD4CEFBFBDEFBFBD53EFBFBD6D4041750B4AEFBFBD67EFBFBD4548EFBFBD2A1D7374EFBFBDD3A7EFBFBD004400003B','This is sample text data for GGG&G, publisher 9901 in the pubs database. GGG&G is located in Mnchen, Germany.'),
	('9952',X'47494638396107012800EFBFBD0F00000000EFBFBD000000EFBFBD00EFBFBDEFBFBD000000EFBFBDEFBFBD00EFBFBD00EFBFBDEFBFBDEFBFBDEFBFBDEFBFBDEFBFBDEFBFBDEFBFBDEFBFBD000000EFBFBD00EFBFBDEFBFBD000000EFBFBDEFBFBD00EFBFBD00EFBFBDEFBFBDEFBFBDEFBFBDEFBFBD21EFBFBD040100000F002C00000000070128004004EFBFBDEFBFBDEFBFBD49EFBFBDEFBFBD38EFBFBDCDBBEFBFBD6028EFBFBD6469660005EFBFBD2C7BEFBFBD6D05EFBFBDEFBFBD4C4F33EFBFBD3F765FEFBFBD16EFBFBD0C3824EFBFBD18EFBFBDD1A552DA8ACCA5517A7B526F275912690D2AEFBFBDEFBFBD1D14EFBFBDEFBFBDEFBFBD57EFBFBDEFBFBD776BEFBFBDEFBFBD52EFBFBD27EFBFBD47EFBFBDEFBFBDEFBFBDEFBFBD2B3C3FEFBFBDEFBFBDEFBFBD59EFBFBDEFBFBD1D7D76EFBFBDEFBFBDEFBFBDEFBFBDEFBFBDEFBFBDEFBFBDEFBFBDEFBFBDEFBFBD1CEFBFBDEFBFBDEFBFBD7338EFBFBDEFBFBDEFBFBDEFBFBDEFBFBDEFBFBDEFBFBDEFBFBDEFBFBDEFBFBDEFBFBD74EFBFBDEFBFBDEFBFBDEFBFBDEFBFBDEFBFBD45EFBFBD583E69EFBFBD3F53EFBFBD4C62EFBFBD5E6DEFBFBD3B6B3DEFBFBDEFBFBD6EEFBFBD64EFBFBD65EFBFBD6BEFBFBDEFBFBDEFBFBDEFBFBDEFBFBD7FEFBFBD28EFBFBDEFBFBDEFBFBDEFBFBDEFBFBDC7BBEFBFBD65637C7AEFBFBD7BEFBFBDEFBFBDEFBFBDEFBFBDDA8B7C31EFBFBDEFBFBDD88E2FEFBFBDEFBFBDEFBFBDEFBFBDEFBFBDEFBFBDEFBFBDEFBFBDEFBFBDEFBFBDEFBFBDEFBFBDEFBFBDEFBFBDEFBFBDEFBFBDEFBFBDEFBFBDEFBFBDEFBFBDEFBFBD5D6CD28C0164EFBFBD4D18EFBFBD3AEFBFBDEFBFBDEFBFBD7AEFBFBDEFBFBDEFBFBDEFBFBD7FD59CEFBFBD42EFBFBDEFBFBDEFBFBDEFBFBD2AC39EEFBFBDEFBFBD28EFBFBDEFBFBD30EFBFBDEFBFBDEFBFBD262EEFBFBD726D591823204F2E0C09EFBFBDEFBFBDEFBFBD2CEFBFBDEFBFBDEFBFBD2419EFBFBDEFBFBDC48FEFBFBDEFBFBD08EFBFBD3832EFBFBDEFBFBD671A2DEFBFBD737167281AEFBFBD3321EFBFBDEFBFBD48EFBFBD6149EFBFBD3CEFBFBDEFBFBDEFBFBD090BEFBFBD4E5AEFBFBDDE80EFBFBD730DEFBFBD516B727CEFBFBD5AEFBFBDEFBFBD22EFBFBD73EFBFBDD29255EFBFBD76EFBFBDDBB6EFBFBD54EFBFBDEFBFBD04EFBFBDEFBFBD5DEFBFBD7343EFBFBDEFBFBDEFBFBD576EDDBF7CEFBFBD0AEFBFBD57EFBFBD5D4EEFBFBD132BEFBFBDEFBFBDEFBFBDEFBFBDEFBFBDEFBFBD49204BEFBFBDEFBFBDEFBFBD30EFBFBDCB984DEFBFBDEFBFBD39EFBFBDEFBFBDCC88EFBFBD3CEFBFBDD989EFBFBD2234EFBFBDD3A672EFBFBDEFBFBD5055C483EFBFBD0A06742AEFBFBD664F356311EFBFBD417D5AEFBFBD52DFB1512AEFBFBD5DEFBFBDEFBFBDEFBFBD662A477FEFBFBDEFBFBD72EFBFBDEFBFBDEFBFBD14413FEFBFBD0654EFBFBD75EFBFBDEFBFBDEFBFBD48EFBFBDEFBFBD346AEFBFBDEFBFBD54EFBFBDEFBFBDEFBFBD39EFBFBDEFBFBDEFBFBDEFBFBD7F6BEFBFBD7D2B7DEFBFBDEFBFBDC5882E57DFBDEFBFBDEFBFBD6AEFBFBD6DEFBFBDDFB8EFBFBDEFBFBD6BEFBFBDEFBFBDEFBFBDEFBFBDEFBFBDEFBFBD4D2DEFBFBD5751EFBFBD3C5956567EEFBFBD1D47EFBFBD41EFBFBDEFBFBD1761EFBFBDEFBFBD1D571D21C28503EFBFBD565CEFBFBDEFBFBDEFBFBD571DEFBFBDEFBFBD1D08EFBFBDEFBFBDEFBFBD5EEFBFBD26EFBFBDEFBFBD207B1736EFBFBD1E6FEFBFBD20324E582116EFBFBD215178EFBFBD676351EFBFBDEFBFBD68EFBFBD7FEFBFBDEFBFBDEFBFBD207DEFBFBD0104EFBFBD7B6B7173EFBFBDEFBFBD1EEFBFBD2723EFBFBD34EFBFBD454E43EFBFBD61EFBFBDD388EFBFBDEFBFBD44EFBFBD32473E79EFBFBD3A527633232561EFBFBDEFBFBD6536660256EFBFBD16EFBFBDEFBFBD75EFBFBDEFBFBD6F1A020AEFBFBD75EFBFBDEFBFBDEFBFBD74EFBFBD19D79DEFBFBDEFBFBDEFBFBD18EFBFBD7906EFBFBD67297129D88FEFBFBDEFBFBD1A3AEFBFBD3EEFBFBDEFBFBD23EFBFBD5EEFBFBD0EEFBFBDE89C892216E9A584EFBFBD0318EFBFBDEFBFBD7E3269EFBFBDEFBFBD46EFBFBD69EFBFBDEFBFBDEFBFBD094004003B','This is sample text data for Scootney Books, publisher 9952 in the pubs database. Scootney Books is located in New York City, New York.'),
	('9999',X'474946383961EFBFBD002400EFBFBD0F00000000EFBFBD000000EFBFBD00EFBFBDEFBFBD000000EFBFBDEFBFBD00EFBFBD00EFBFBDEFBFBDEFBFBDEFBFBDEFBFBDEFBFBDEFBFBDEFBFBDEFBFBD000000EFBFBD00EFBFBDEFBFBD000000EFBFBDEFBFBD00EFBFBD00EFBFBDEFBFBDEFBFBDEFBFBDEFBFBD21EFBFBD040100000F002C00000000EFBFBD0024004004EFBFBDEFBFBDEFBFBD49EFBFBDEFBFBD38EFBFBDCDBBEFBFBD60EFBFBD011A60EFBFBD67653EEFBFBDD48A702CEFBFBDEFBFBD456668EFBFBDEFBFBD7CEFBFBDEFBFBD23D58E7513EFBFBDEFBFBD444A6EEFBFBD6B126FEFBFBDEFBFBD4AEFBFBD2421EFBFBDEFBFBDEFBFBDEFBFBD594D61EFBFBDEFBFBDEFBFBDEFBFBDEFBFBD6271EFBFBD68EFBFBD7AEFBFBDEFBFBD38EFBFBD2574EFBFBDEFBFBD6EEFBFBDEFBCA24D3EEFBFBDEFBFBDEFBFBDEFBFBD3D7A167246EFBFBD31736E494AEFBFBD5CEFBFBDEFBFBDEFBFBD33EFBFBD4BEFBFBD6E59EFBFBD657E4AEFBFBDEFBFBD5F7DEFBFBD7B56EFBFBD6064EFBFBDEFBFBDEFBFBDEFBFBDEFBFBD63603A2E717CEFBFBDEFBFBDEFBFBDEFBFBD20EFBFBDEFBFBDEFBFBD52594751EFBFBDEFBFBDEFBFBDEFBFBD5D75EFBFBDEFBFBDEFBFBDC5BFEFBFBD7CEFBFBDEFBFBDEFBFBD6638EFBFBD2AEFBFBD40EFBFBDEFBFBD1BEFBFBD3EEFBFBDEFBFBDEFBFBDEFBFBDEFBFBDCEA9EFBFBD7B23EFBFBDEFBFBDEFBFBD70EFBFBD62EFBFBDEFBFBDEFBFBDEFBFBDEFBFBDE7AE84EFBFBD7A5FEFBFBDEFBFBD502F43EFBFBD5D74EFBFBD67EFBFBD6245EFBFBDEFBFBD5CEFBFBD01EFBFBD144173EFBFBDEFBFBD315AEFBFBD485B42EFBFBDEFBFBDEFBFBD39EFBFBD46EFBFBD624173EFBFBDEFBFBD59EFBFBD2809594623EFBFBDEFBFBD38EFBFBD54EFBFBDD59C642353EFBFBDEFBFBDEFBFBD1931EFBFBD30EFBFBD61EFBFBD05EFBFBDEFBFBDCB9831EFBFBDEFBFBD192C244EEFBFBD3A3FEFBFBD1CEFBFBD21282CEFBFBD48EFBFBDEFBFBDEFBFBD25336952EFBFBDEFBFBDD689E489B0EFBFBD44EFBFBD243B66CD8775EFBFBD15EFBFBD1AEFBFBDEFBFBD0A6B2DEFBFBD074E3741D6BBEFBFBDEFBFBD2BEFBFBDEFBFBDEFBFBDD1A3EFBFBDEFBFBDEFBFBD5C7460EFBFBD7AEFBFBDEFBFBDEFBFBD56D79EEFBFBDEFBFBDEFBFBDEFBFBDEFBFBDEFBFBDEFBFBD57EFBFBD71EFBFBDEFBFBD6575EFBFBD305D51EFBFBDEFBFBD5E5A25361EEFBFBD38EFBFBDEFBFBD0AEFBFBDEFBFBDEFBFBD535D6072EFBFBDEFBFBD2DEFBFBD58EFBFBDEFBFBDCCA5EFBFBDEFBFBDEFBFBD77EFBFBDEFBFBD3CEFBFBDEFBFBDEFBFBD31EFBFBD4AEFBFBD1AEFBFBD7DEFBFBD5263EFBFBD42EFBFBD37EFBFBD7E42EFBFBDEFBFBDEFBFBDEFBFBD54EFBFBD716407EFBFBD2BEFBFBD012002003B','This is sample text data for Lucerne Publishing, publisher 9999 in the pubs database. Lucerne publishing is located in Paris, France.\r\n\r\nThis is sample text data for Lucerne Publishing, publisher 9999 in the pubs database. Lucerne publishing is located in Paris, France.\r\n\r\nThis is sample text data for Lucerne Publishing, publisher 9999 in the pubs database. Lucerne publishing is located in Paris, France.\r\n\r\nThis is sample text data for Lucerne Publishing, publisher 9999 in the pubs database. Lucerne publishing is located in Paris, France.');

/*!40000 ALTER TABLE `pub_info` ENABLE KEYS */;
UNLOCK TABLES;


# Dump of table publishers
# ------------------------------------------------------------

DROP TABLE IF EXISTS `publishers`;

CREATE TABLE `publishers` (
  `pub_id` char(4) NOT NULL,
  `pub_name` varchar(40) DEFAULT NULL,
  `city` varchar(20) DEFAULT NULL,
  `state` char(2) DEFAULT NULL,
  `country` varchar(30) DEFAULT NULL,
  PRIMARY KEY (`pub_id`)
) ENGINE=InnoDB DEFAULT CHARSET=utf8;

LOCK TABLES `publishers` WRITE;
/*!40000 ALTER TABLE `publishers` DISABLE KEYS */;

INSERT INTO `publishers` (`pub_id`, `pub_name`, `city`, `state`, `country`)
VALUES
	('0736','New Moon Books','Boston','MA','USA'),
	('0877','Binnet & Hardley','Washington','DC','USA'),
	('1389','Algodata Infosystems','Berkeley','CA','USA'),
	('1622','Five Lakes Publishing','Chicago','IL','USA'),
	('1756','Ramona Publishers','Dallas','TX','USA'),
	('9901','GGG&G','Mnchen',NULL,'Germany'),
	('9952','Scootney Books','New York','NY','USA'),
	('9999','Lucerne Publishing','Paris',NULL,'France');

/*!40000 ALTER TABLE `publishers` ENABLE KEYS */;
UNLOCK TABLES;


# Dump of table roysched
# ------------------------------------------------------------

DROP TABLE IF EXISTS `roysched`;

CREATE TABLE `roysched` (
  `title_id` varchar(6) NOT NULL,
  `lorange` int(11) DEFAULT NULL,
  `hirange` int(11) DEFAULT NULL,
  `royalty` int(11) DEFAULT NULL,
  KEY `roysched_title_id` (`title_id`),
  CONSTRAINT `roysched_ibfk_1` FOREIGN KEY (`title_id`) REFERENCES `titles` (`title_id`) ON DELETE CASCADE ON UPDATE CASCADE
) ENGINE=InnoDB DEFAULT CHARSET=utf8;

LOCK TABLES `roysched` WRITE;
/*!40000 ALTER TABLE `roysched` DISABLE KEYS */;

INSERT INTO `roysched` (`title_id`, `lorange`, `hirange`, `royalty`)
VALUES
	('BU1032',0,5000,10),
	('BU1032',5001,50000,12),
	('PC1035',0,2000,10),
	('PC1035',2001,3000,12),
	('PC1035',3001,4000,14),
	('PC1035',4001,10000,16),
	('PC1035',10001,50000,18),
	('BU2075',0,1000,10),
	('BU2075',1001,3000,12),
	('BU2075',3001,5000,14),
	('BU2075',5001,7000,16),
	('BU2075',7001,10000,18),
	('BU2075',10001,12000,20),
	('BU2075',12001,14000,22),
	('BU2075',14001,50000,24),
	('PS2091',0,1000,10),
	('PS2091',1001,5000,12),
	('PS2091',5001,10000,14),
	('PS2091',10001,50000,16),
	('PS2106',0,2000,10),
	('PS2106',2001,5000,12),
	('PS2106',5001,10000,14),
	('PS2106',10001,50000,16),
	('MC3021',0,1000,10),
	('MC3021',1001,2000,12),
	('MC3021',2001,4000,14),
	('MC3021',4001,6000,16),
	('MC3021',6001,8000,18),
	('MC3021',8001,10000,20),
	('MC3021',10001,12000,22),
	('MC3021',12001,50000,24),
	('TC3218',0,2000,10),
	('TC3218',2001,4000,12),
	('TC3218',4001,6000,14),
	('TC3218',6001,8000,16),
	('TC3218',8001,10000,18),
	('TC3218',10001,12000,20),
	('TC3218',12001,14000,22),
	('TC3218',14001,50000,24),
	('PC8888',0,5000,10),
	('PC8888',5001,10000,12),
	('PC8888',10001,15000,14),
	('PC8888',15001,50000,16),
	('PS7777',0,5000,10),
	('PS7777',5001,50000,12),
	('PS3333',0,5000,10),
	('PS3333',5001,10000,12),
	('PS3333',10001,15000,14),
	('PS3333',15001,50000,16),
	('BU1111',0,4000,10),
	('BU1111',4001,8000,12),
	('BU1111',8001,10000,14),
	('BU1111',12001,16000,16),
	('BU1111',16001,20000,18),
	('BU1111',20001,24000,20),
	('BU1111',24001,28000,22),
	('BU1111',28001,50000,24),
	('MC2222',0,2000,10),
	('MC2222',2001,4000,12),
	('MC2222',4001,8000,14),
	('MC2222',8001,12000,16),
	('MC2222',12001,20000,18),
	('MC2222',20001,50000,20),
	('TC7777',0,5000,10),
	('TC7777',5001,15000,12),
	('TC7777',15001,50000,14),
	('TC4203',0,2000,10),
	('TC4203',2001,8000,12),
	('TC4203',8001,16000,14),
	('TC4203',16001,24000,16),
	('TC4203',24001,32000,18),
	('TC4203',32001,40000,20),
	('TC4203',40001,50000,22),
	('BU7832',0,5000,10),
	('BU7832',5001,10000,12),
	('BU7832',10001,15000,14),
	('BU7832',15001,20000,16),
	('BU7832',20001,25000,18),
	('BU7832',25001,30000,20),
	('BU7832',30001,35000,22),
	('BU7832',35001,50000,24),
	('PS1372',0,10000,10),
	('PS1372',10001,20000,12),
	('PS1372',20001,30000,14),
	('PS1372',30001,40000,16),
	('PS1372',40001,50000,18);

/*!40000 ALTER TABLE `roysched` ENABLE KEYS */;
UNLOCK TABLES;


# Dump of table sales
# ------------------------------------------------------------

DROP TABLE IF EXISTS `sales`;

CREATE TABLE `sales` (
  `stor_id` char(4) NOT NULL,
  `ord_num` varchar(20) NOT NULL,
  `ord_date` datetime NOT NULL,
  `qty` smallint(6) NOT NULL,
  `payterms` varchar(12) NOT NULL,
  `title_id` varchar(6) NOT NULL,
  PRIMARY KEY (`stor_id`,`ord_num`,`title_id`),
  KEY `sales_title_id` (`title_id`),
  CONSTRAINT `sales_ibfk_1` FOREIGN KEY (`stor_id`) REFERENCES `stores` (`stor_id`) ON DELETE CASCADE ON UPDATE CASCADE,
  CONSTRAINT `sales_ibfk_2` FOREIGN KEY (`title_id`) REFERENCES `titles` (`title_id`) ON DELETE CASCADE ON UPDATE CASCADE
) ENGINE=InnoDB DEFAULT CHARSET=utf8;

LOCK TABLES `sales` WRITE;
/*!40000 ALTER TABLE `sales` DISABLE KEYS */;

INSERT INTO `sales` (`stor_id`, `ord_num`, `ord_date`, `qty`, `payterms`, `title_id`)
VALUES
	('6380','6871','1994-09-14 00:00:00',5,'Net 60','BU1032'),
	('6380','722a','1994-09-13 00:00:00',3,'Net 60','PS2091'),
	('7066','A2976','1993-05-24 00:00:00',50,'Net 30','PC8888'),
	('7066','QA7442.3','1994-09-13 00:00:00',75,'ON invoice','PS2091'),
	('7067','D4482','1994-09-14 00:00:00',10,'Net 60','PS2091'),
	('7067','P2121','1992-06-15 00:00:00',40,'Net 30','TC3218'),
	('7067','P2121','1992-06-15 00:00:00',20,'Net 30','TC4203'),
	('7067','P2121','1992-06-15 00:00:00',20,'Net 30','TC7777'),
	('7131','N914008','1994-09-14 00:00:00',20,'Net 30','PS2091'),
	('7131','N914014','1994-09-14 00:00:00',25,'Net 30','MC3021'),
	('7131','P3087a','1993-05-29 00:00:00',20,'Net 60','PS1372'),
	('7131','P3087a','1993-05-29 00:00:00',25,'Net 60','PS2106'),
	('7131','P3087a','1993-05-29 00:00:00',15,'Net 60','PS3333'),
	('7131','P3087a','1993-05-29 00:00:00',25,'Net 60','PS7777'),
	('7896','QQ2299','1993-10-28 00:00:00',15,'Net 60','BU7832'),
	('7896','TQ456','1993-12-12 00:00:00',10,'Net 60','MC2222'),
	('7896','X999','1993-02-21 00:00:00',35,'ON invoice','BU2075'),
	('8042','423LL922','1994-09-14 00:00:00',15,'ON invoice','MC3021'),
	('8042','423LL930','1994-09-14 00:00:00',10,'ON invoice','BU1032'),
	('8042','P723','1993-03-11 00:00:00',25,'Net 30','BU1111'),
	('8042','QA879.1','1993-05-22 00:00:00',30,'Net 30','PC1035');

/*!40000 ALTER TABLE `sales` ENABLE KEYS */;
UNLOCK TABLES;


# Dump of table stores
# ------------------------------------------------------------

DROP TABLE IF EXISTS `stores`;

CREATE TABLE `stores` (
  `stor_id` char(4) NOT NULL,
  `stor_name` varchar(40) DEFAULT NULL,
  `stor_address` varchar(40) DEFAULT NULL,
  `city` varchar(20) DEFAULT NULL,
  `state` char(2) DEFAULT NULL,
  `zip` char(5) DEFAULT NULL,
  PRIMARY KEY (`stor_id`)
) ENGINE=InnoDB DEFAULT CHARSET=utf8;

LOCK TABLES `stores` WRITE;
/*!40000 ALTER TABLE `stores` DISABLE KEYS */;

INSERT INTO `stores` (`stor_id`, `stor_name`, `stor_address`, `city`, `state`, `zip`)
VALUES
	('6380','Eric the Read Books','788 Catamaugus Ave.','Seattle','WA','98056'),
	('7066','Barnum\'s','567 Pasadena Ave.','Tustin','CA','92789'),
	('7067','News & Brews','577 First St.','Los Gatos','CA','96745'),
	('7131','Doc-U-Mat: Quality Laundry and Books','24-A Avogadro Way','Remulade','WA','98014'),
	('7896','Fricative Bookshop','89 Madison St.','Fremont','CA','90019'),
	('8042','Bookbeat','679 Carson St.','Portland','OR','89076');

/*!40000 ALTER TABLE `stores` ENABLE KEYS */;
UNLOCK TABLES;


# Dump of table titleauthor
# ------------------------------------------------------------

DROP TABLE IF EXISTS `titleauthor`;

CREATE TABLE `titleauthor` (
  `au_id` varchar(11) NOT NULL,
  `title_id` varchar(6) NOT NULL,
  `au_ord` tinyint(4) DEFAULT NULL,
  `royaltyper` int(11) DEFAULT NULL,
  PRIMARY KEY (`au_id`,`title_id`),
  KEY `titleauthor_title_id` (`title_id`),
  CONSTRAINT `titleauthor_ibfk_1` FOREIGN KEY (`title_id`) REFERENCES `titles` (`title_id`) ON DELETE CASCADE ON UPDATE CASCADE,
  CONSTRAINT `titleauthor_ibfk_2` FOREIGN KEY (`au_id`) REFERENCES `authors` (`au_id`) ON DELETE CASCADE ON UPDATE CASCADE
) ENGINE=InnoDB DEFAULT CHARSET=utf8;

LOCK TABLES `titleauthor` WRITE;
/*!40000 ALTER TABLE `titleauthor` DISABLE KEYS */;

INSERT INTO `titleauthor` (`au_id`, `title_id`, `au_ord`, `royaltyper`)
VALUES
	('172-32-1176','PS3333',1,100),
	('213-46-8915','BU1032',2,40),
	('213-46-8915','BU2075',1,100),
	('238-95-7766','PC1035',1,100),
	('267-41-2394','BU1111',2,40),
	('267-41-2394','TC7777',2,30),
	('274-80-9391','BU7832',1,100),
	('409-56-7008','BU1032',1,60),
	('427-17-2319','PC8888',1,50),
	('472-27-2349','TC7777',3,30),
	('486-29-1786','PC9999',1,100),
	('486-29-1786','PS7777',1,100),
	('648-92-1872','TC4203',1,100),
	('672-71-3249','TC7777',1,40),
	('712-45-1867','MC2222',1,100),
	('722-51-5454','MC3021',1,75),
	('724-80-9391','BU1111',1,60),
	('724-80-9391','PS1372',2,25),
	('756-30-7391','PS1372',1,75),
	('807-91-6654','TC3218',1,100),
	('846-92-7186','PC8888',2,50),
	('899-46-2035','MC3021',2,25),
	('899-46-2035','PS2091',2,50),
	('998-72-3567','PS2091',1,50),
	('998-72-3567','PS2106',1,100);

/*!40000 ALTER TABLE `titleauthor` ENABLE KEYS */;
UNLOCK TABLES;


# Dump of table titles
# ------------------------------------------------------------

DROP TABLE IF EXISTS `titles`;

CREATE TABLE `titles` (
  `title_id` varchar(6) NOT NULL,
  `title` varchar(80) NOT NULL,
  `type` char(12) NOT NULL,
  `pub_id` char(4) DEFAULT NULL,
  `price` decimal(19,4) DEFAULT NULL,
  `advance` decimal(19,4) DEFAULT NULL,
  `royalty` int(11) DEFAULT NULL,
  `ytd_sales` int(11) DEFAULT NULL,
  `notes` varchar(200) DEFAULT NULL,
  `pubdate` datetime NOT NULL,
  PRIMARY KEY (`title_id`),
  KEY `titles_pub_id` (`pub_id`),
  CONSTRAINT `titles_ibfk_1` FOREIGN KEY (`pub_id`) REFERENCES `publishers` (`pub_id`) ON DELETE CASCADE ON UPDATE CASCADE
) ENGINE=InnoDB DEFAULT CHARSET=utf8;

LOCK TABLES `titles` WRITE;
/*!40000 ALTER TABLE `titles` DISABLE KEYS */;

INSERT INTO `titles` (`title_id`, `title`, `type`, `pub_id`, `price`, `advance`, `royalty`, `ytd_sales`, `notes`, `pubdate`)
VALUES
	('BU1032','The Busy Executive\'s Database Guide','business','1389',19.9900,5000.0000,10,4095,'An overview of available database systems with emphasis on common business applications. Illustrated.','1991-06-12 00:00:00'),
	('BU1111','Cooking with Computers: Surreptitious Balance Sheets','business','1389',11.9500,5000.0000,10,3876,'Helpful hints on how to use your electronic resources to the best advantage.','1991-06-09 00:00:00'),
	('BU2075','You Can Combat Computer Stress!','business','0736',2.9900,10125.0000,24,18722,'The latest medical and psychological techniques for living with the electronic office. Easy-to-understand explanations.','1991-06-30 00:00:00'),
	('BU7832','Straight Talk About Computers','business','1389',19.9900,5000.0000,10,4095,'Annotated analysis of what computers can do for you: a no-hype guide for the critical user.','1991-06-22 00:00:00'),
	('MC2222','Silicon Valley Gastronomic Treats','mod_cook','0877',19.9900,0.0000,12,2032,'Favorite recipes for quick, easy, and elegant meals.','1991-06-09 00:00:00'),
	('MC3021','The Gourmet Microwave','mod_cook','0877',2.9900,15000.0000,24,22246,'Traditional French gourmet recipes adapted for modern microwave cooking.','1991-06-18 00:00:00'),
	('MC3026','The Psychology of Computer Cooking','UNDECIDED','0877',NULL,NULL,NULL,NULL,NULL,'2014-11-07 10:39:37'),
	('PC1035','But Is It User Friendly?','popular_comp','1389',22.9500,7000.0000,16,8780,'A survey of software for the naive user, focusing on the \'friendliness\' of each.','1991-06-30 00:00:00'),
	('PC8888','Secrets of Silicon Valley','popular_comp','1389',20.0000,8000.0000,10,4095,'Muckraking reporting on the world\'s largest computer hardware and software manufacturers.','1994-06-12 00:00:00'),
	('PC9999','Net Etiquette','popular_comp','1389',NULL,NULL,NULL,NULL,'A must-read for computer conferencing.','2014-11-07 10:39:37'),
	('PS1372','Computer Phobic AND Non-Phobic Individuals: Behavior Variations','psychology','0877',21.5900,7000.0000,10,375,'A must for the specialist, this book examines the difference between those who hate and fear computers and those who don\'t.','1991-10-21 00:00:00'),
	('PS2091','Is Anger the Enemy?','psychology','0736',10.9500,2275.0000,12,2045,'Carefully researched study of the effects of strong emotions on the body. Metabolic charts included.','1991-06-15 00:00:00'),
	('PS2106','Life Without Fear','psychology','0736',7.0000,6000.0000,10,111,'New exercise, meditation, and nutritional techniques that can reduce the shock of daily interactions. Popular audience. Sample menus included, exercise video available separately.','1991-10-05 00:00:00'),
	('PS3333','Prolonged Data Deprivation: Four Case Studies','psychology','0736',19.9900,2000.0000,10,4072,'What happens when the data runs dry?  Searching evaluations of information-shortage effects.','1991-06-12 00:00:00'),
	('PS7777','Emotional Security: A New Algorithm','psychology','0736',7.9900,4000.0000,10,3336,'Protecting yourself and your loved ones from undue emotional stress in the modern world. Use of computer and nutritional aids emphasized.','1991-06-12 00:00:00'),
	('TC3218','Onions, Leeks, and Garlic: Cooking Secrets of the Mediterranean','trad_cook','0877',20.9500,7000.0000,10,375,'Profusely illustrated in color, this makes a wonderful gift book for a cuisine-oriented friend.','1991-10-21 00:00:00'),
	('TC4203','Fifty Years in Buckingham Palace Kitchens','trad_cook','0877',11.9500,4000.0000,14,15096,'More anecdotes from the Queen\'s favorite cook describing life among English royalty. Recipes, techniques, tender vignettes.','1991-06-12 00:00:00'),
	('TC7777','Sushi, Anyone?','trad_cook','0877',14.9900,8000.0000,10,4095,'Detailed instructions on how to make authentic Japanese sushi in your spare time.','1991-06-12 00:00:00');

/*!40000 ALTER TABLE `titles` ENABLE KEYS */;
UNLOCK TABLES;



/*!40111 SET SQL_NOTES=@OLD_SQL_NOTES */;
/*!40101 SET SQL_MODE=@OLD_SQL_MODE */;
/*!40014 SET FOREIGN_KEY_CHECKS=@OLD_FOREIGN_KEY_CHECKS */;
/*!40101 SET CHARACTER_SET_CLIENT=@OLD_CHARACTER_SET_CLIENT */;
/*!40101 SET CHARACTER_SET_RESULTS=@OLD_CHARACTER_SET_RESULTS */;
/*!40101 SET COLLATION_CONNECTION=@OLD_COLLATION_CONNECTION */;
